name,split,has_defect,image_path,json_path
wall_defect_0001,train,1,D:\桌面\机器视觉\ultraseg_Wall defects\data\Wall defects\wall_defect_0001.jpg,D:\桌面\机器视觉\ultraseg_Wall defects\data\Wall defects\wall_defect_0001.json
wall_defect_0002,train,1,D:\桌面\机器视觉\ultraseg_Wall defects\data\Wall defects\wall_defect_0002.jpg,D:\桌面\机器视觉\ultraseg_Wall defects\data\Wall defects\wall_defect_0002.json
wall_defect_0003,train,1,D:\桌面\机器视觉\ultraseg_Wall defects\data\Wall defects\wall_defect_0003.jpg,D:\桌面\机器视觉\ultraseg_Wall defects\data\Wall defects\wall_defect_0003.json
wall_defect_0004,train,1,D:\桌面\机器视觉\ultraseg_Wall defects\data\Wall defects\wall_defect_0004.jpg,D:\桌面\机器视觉\ultraseg_Wall defects\data\Wall defects\wall_defect_0004.json
wall_defect_0005,val,1,D:\桌面\机器视觉\ultraseg_Wall defects\data\Wall defects\wall_defect_0005.jpg,D:\桌面\机器视觉\ultraseg_Wall defects\data\Wall defects\wall_defect_0005.json
wall_defect_0006,train,1,D:\桌面\机器视觉\ultraseg_Wall defects\data\Wall defects\wall_defect_0006.jpg,D:\桌面\机器视觉\ultraseg_Wall defects\data\Wall defects\wall_defect_0006.json
wall_defect_0007,train,1,D:\桌面\机器视觉\ultraseg_Wall defects\data\Wall defects\wall_defect_0007.jpg,D:\桌面\机器视觉\ultraseg_Wall defects\data\Wall defects\wall_defect_0007.json
wall_defect_0008,train,1,D:\桌面\机器视觉\ultraseg_Wall defects\data\Wall defects\wall_defect_0008.jpg,D:\桌面\机器视觉\ultraseg_Wall defects\data\Wall defects\wall_defect_0008.json
wall_defect_0009,train,1,D:\桌面\机器视觉\ultraseg_Wall defects\data\Wall defects\wall_defect_0009.jpg,D:\桌面\机器视觉\ultraseg_Wall defects\data\Wall defects\wall_defect_0009.json
wall_defect_0010,val,1,D:\桌面\机器视觉\ultraseg_Wall defects\data\Wall defects\wall_defect_0010.jpg,D:\桌面\机器视觉\ultraseg_Wall defects\data\Wall defects\wall_defect_0010.json
wall_defect_0011,train,1,D:\桌面\机器视觉\ultraseg_Wall defects\data\Wall defects\wall_defect_0011.jpg,D:\桌面\机器视觉\ultraseg_Wall defects\data\Wall defects\wall_defect_0011.json
wall_defect_0012,train,1,D:\桌面\机器视觉\ultraseg_Wall defects\data\Wall defects\wall_defect_0012.jpg,D:\桌面\机器视觉\ultraseg_Wall defects\data\Wall defects\wall_defect_0012.json
wall_defect_0013,train,1,D:\桌面\机器视觉\ultraseg_Wall defects\data\Wall defects\wall_defect_0013.jpg,D:\桌面\机器视觉\ultraseg_Wall defects\data\Wall defects\wall_defect_0013.json
wall_defect_0014,train,1,D:\桌面\机器视觉\ultraseg_Wall defects\data\Wall defects\wall_defect_0014.jpg,D:\桌面\机器视觉\ultraseg_Wall defects\data\Wall defects\wall_defect_0014.json
wall_defect_0015,test,1,D:\桌面\机器视觉\ultraseg_Wall defects\data\Wall defects\wall_defect_0015.jpg,D:\桌面\机器视觉\ultraseg_Wall defects\data\Wall defects\wall_defect_0015.json
wall_defect_0016,train,1,D:\桌面\机器视觉\ultraseg_Wall defects\data\Wall defects\wall_defect_0016.jpg,D:\桌面\机器视觉\ultraseg_Wall defects\data\Wall defects\wall_defect_0016.json
wall_defect_0017,test,1,D:\桌面\机器视觉\ultraseg_Wall defects\data\Wall defects\wall_defect_0017.jpg,D:\桌面\机器视觉\ultraseg_Wall defects\data\Wall defects\wall_defect_0017.json
wall_defect_0018,train,1,D:\桌面\机器视觉\ultraseg_Wall defects\data\Wall defects\wall_defect_0018.jpg,D:\桌面\机器视觉\ultraseg_Wall defects\data\Wall defects\wall_defect_0018.json
wall_defect_0019,train,1,D:\桌面\机器视觉\ultraseg_Wall defects\data\Wall defects\wall_defect_0019.jpg,D:\桌面\机器视觉\ultraseg_Wall defects\data\Wall defects\wall_defect_0019.json
wall_defect_0020,val,1,D:\桌面\机器视觉\ultraseg_Wall defects\data\Wall defects\wall_defect_0020.jpg,D:\桌面\机器视觉\ultraseg_Wall defects\data\Wall defects\wall_defect_0020.json
wall_defect_0021,train,1,D:\桌面\机器视觉\ultraseg_Wall defects\data\Wall defects\wall_defect_0021.jpg,D:\桌面\机器视觉\ultraseg_Wall defects\data\Wall defects\wall_defect_0021.json
wall_defect_0022,train,1,D:\桌面\机器视觉\ultraseg_Wall defects\data\Wall defects\wall_defect_0022.jpg,D:\桌面\机器视觉\ultraseg_Wall defects\data\Wall defects\wall_defect_0022.json
wall_defect_0023,train,1,D:\桌面\机器视觉\ultraseg_Wall defects\data\Wall defects\wall_defect_0023.jpg,D:\桌面\机器视觉\ultraseg_Wall defects\data\Wall defects\wall_defect_0023.json
wall_defect_0024,train,1,D:\桌面\机器视觉\ultraseg_Wall defects\data\Wall defects\wall_defect_0024.jpg,D:\桌面\机器视觉\ultraseg_Wall defects\data\Wall defects\wall_defect_0024.json
wall_defect_0025,train,1,D:\桌面\机器视觉\ultraseg_Wall defects\data\Wall defects\wall_defect_0025.jpg,D:\桌面\机器视觉\ultraseg_Wall defects\data\Wall defects\wall_defect_0025.json
wall_defect_0026,test,1,D:\桌面\机器视觉\ultraseg_Wall defects\data\Wall defects\wall_defect_0026.jpg,D:\桌面\机器视觉\ultraseg_Wall defects\data\Wall defects\wall_defect_0026.json
wall_defect_0027,train,1,D:\桌面\机器视觉\ultraseg_Wall defects\data\Wall defects\wall_defect_0027.jpg,D:\桌面\机器视觉\ultraseg_Wall defects\data\Wall defects\wall_defect_0027.json
wall_defect_0028,test,1,D:\桌面\机器视觉\ultraseg_Wall defects\data\Wall defects\wall_defect_0028.jpg,D:\桌面\机器视觉\ultraseg_Wall defects\data\Wall defects\wall_defect_0028.json
wall_defect_0029,val,1,D:\桌面\机器视觉\ultraseg_Wall defects\data\Wall defects\wall_defect_0029.jpg,D:\桌面\机器视觉\ultraseg_Wall defects\data\Wall defects\wall_defect_0029.json
wall_defect_0030,val,1,D:\桌面\机器视觉\ultraseg_Wall defects\data\Wall defects\wall_defect_0030.jpg,D:\桌面\机器视觉\ultraseg_Wall defects\data\Wall defects\wall_defect_0030.json
wall_defect_0031,test,1,D:\桌面\机器视觉\ultraseg_Wall defects\data\Wall defects\wall_defect_0031.jpg,D:\桌面\机器视觉\ultraseg_Wall defects\data\Wall defects\wall_defect_0031.json
wall_defect_0032,train,1,D:\桌面\机器视觉\ultraseg_Wall defects\data\Wall defects\wall_defect_0032.jpg,D:\桌面\机器视觉\ultraseg_Wall defects\data\Wall defects\wall_defect_0032.json
wall_defect_0033,test,1,D:\桌面\机器视觉\ultraseg_Wall defects\data\Wall defects\wall_defect_0033.jpg,D:\桌面\机器视觉\ultraseg_Wall defects\data\Wall defects\wall_defect_0033.json
wall_defect_0034,train,1,D:\桌面\机器视觉\ultraseg_Wall defects\data\Wall defects\wall_defect_0034.jpg,D:\桌面\机器视觉\ultraseg_Wall defects\data\Wall defects\wall_defect_0034.json
wall_defect_0035,train,1,D:\桌面\机器视觉\ultraseg_Wall defects\data\Wall defects\wall_defect_0035.jpg,D:\桌面\机器视觉\ultraseg_Wall defects\data\Wall defects\wall_defect_0035.json
wall_defect_0036,val,1,D:\桌面\机器视觉\ultraseg_Wall defects\data\Wall defects\wall_defect_0036.jpg,D:\桌面\机器视觉\ultraseg_Wall defects\data\Wall defects\wall_defect_0036.json
wall_defect_0037,train,1,D:\桌面\机器视觉\ultraseg_Wall defects\data\Wall defects\wall_defect_0037.jpg,D:\桌面\机器视觉\ultraseg_Wall defects\data\Wall defects\wall_defect_0037.json
wall_defect_0038,train,1,D:\桌面\机器视觉\ultraseg_Wall defects\data\Wall defects\wall_defect_0038.jpg,D:\桌面\机器视觉\ultraseg_Wall defects\data\Wall defects\wall_defect_0038.json
wall_defect_0039,train,1,D:\桌面\机器视觉\ultraseg_Wall defects\data\Wall defects\wall_defect_0039.jpg,D:\桌面\机器视觉\ultraseg_Wall defects\data\Wall defects\wall_defect_0039.json
wall_defect_0040,train,1,D:\桌面\机器视觉\ultraseg_Wall defects\data\Wall defects\wall_defect_0040.jpg,D:\桌面\机器视觉\ultraseg_Wall defects\data\Wall defects\wall_defect_0040.json
wall_defect_0041,train,1,D:\桌面\机器视觉\ultraseg_Wall defects\data\Wall defects\wall_defect_0041.jpg,D:\桌面\机器视觉\ultraseg_Wall defects\data\Wall defects\wall_defect_0041.json
wall_defect_0042,train,1,D:\桌面\机器视觉\ultraseg_Wall defects\data\Wall defects\wall_defect_0042.jpg,D:\桌面\机器视觉\ultraseg_Wall defects\data\Wall defects\wall_defect_0042.json
wall_defect_0043,train,1,D:\桌面\机器视觉\ultraseg_Wall defects\data\Wall defects\wall_defect_0043.jpg,D:\桌面\机器视觉\ultraseg_Wall defects\data\Wall defects\wall_defect_0043.json
wall_defect_0044,train,1,D:\桌面\机器视觉\ultraseg_Wall defects\data\Wall defects\wall_defect_0044.jpg,D:\桌面\机器视觉\ultraseg_Wall defects\data\Wall defects\wall_defect_0044.json
wall_defect_0045,train,1,D:\桌面\机器视觉\ultraseg_Wall defects\data\Wall defects\wall_defect_0045.jpg,D:\桌面\机器视觉\ultraseg_Wall defects\data\Wall defects\wall_defect_0045.json
wall_defect_0046,val,1,D:\桌面\机器视觉\ultraseg_Wall defects\data\Wall defects\wall_defect_0046.jpg,D:\桌面\机器视觉\ultraseg_Wall defects\data\Wall defects\wall_defect_0046.json
wall_defect_0047,val,1,D:\桌面\机器视觉\ultraseg_Wall defects\data\Wall defects\wall_defect_0047.jpg,D:\桌面\机器视觉\ultraseg_Wall defects\data\Wall defects\wall_defect_0047.json
wall_defect_0048,train,1,D:\桌面\机器视觉\ultraseg_Wall defects\data\Wall defects\wall_defect_0048.jpg,D:\桌面\机器视觉\ultraseg_Wall defects\data\Wall defects\wall_defect_0048.json
wall_defect_0049,train,1,D:\桌面\机器视觉\ultraseg_Wall defects\data\Wall defects\wall_defect_0049.jpg,D:\桌面\机器视觉\ultraseg_Wall defects\data\Wall defects\wall_defect_0049.json
wall_defect_0050,test,1,D:\桌面\机器视觉\ultraseg_Wall defects\data\Wall defects\wall_defect_0050.jpg,D:\桌面\机器视觉\ultraseg_Wall defects\data\Wall defects\wall_defect_0050.json
wall_defect_0051,val,1,D:\桌面\机器视觉\ultraseg_Wall defects\data\Wall defects\wall_defect_0051.jpg,D:\桌面\机器视觉\ultraseg_Wall defects\data\Wall defects\wall_defect_0051.json
wall_defect_0052,train,1,D:\桌面\机器视觉\ultraseg_Wall defects\data\Wall defects\wall_defect_0052.jpg,D:\桌面\机器视觉\ultraseg_Wall defects\data\Wall defects\wall_defect_0052.json
wall_defect_0053,train,1,D:\桌面\机器视觉\ultraseg_Wall defects\data\Wall defects\wall_defect_0053.jpg,D:\桌面\机器视觉\ultraseg_Wall defects\data\Wall defects\wall_defect_0053.json
wall_defect_0054,train,1,D:\桌面\机器视觉\ultraseg_Wall defects\data\Wall defects\wall_defect_0054.jpg,D:\桌面\机器视觉\ultraseg_Wall defects\data\Wall defects\wall_defect_0054.json
wall_defect_0055,train,1,D:\桌面\机器视觉\ultraseg_Wall defects\data\Wall defects\wall_defect_0055.jpg,D:\桌面\机器视觉\ultraseg_Wall defects\data\Wall defects\wall_defect_0055.json
wall_defect_0056,val,1,D:\桌面\机器视觉\ultraseg_Wall defects\data\Wall defects\wall_defect_0056.jpg,D:\桌面\机器视觉\ultraseg_Wall defects\data\Wall defects\wall_defect_0056.json
wall_defect_0057,train,1,D:\桌面\机器视觉\ultraseg_Wall defects\data\Wall defects\wall_defect_0057.jpg,D:\桌面\机器视觉\ultraseg_Wall defects\data\Wall defects\wall_defect_0057.json
wall_defect_0058,val,1,D:\桌面\机器视觉\ultraseg_Wall defects\data\Wall defects\wall_defect_0058.jpg,D:\桌面\机器视觉\ultraseg_Wall defects\data\Wall defects\wall_defect_0058.json
wall_defect_0059,test,1,D:\桌面\机器视觉\ultraseg_Wall defects\data\Wall defects\wall_defect_0059.jpg,D:\桌面\机器视觉\ultraseg_Wall defects\data\Wall defects\wall_defect_0059.json
wall_defect_0060,train,1,D:\桌面\机器视觉\ultraseg_Wall defects\data\Wall defects\wall_defect_0060.jpg,D:\桌面\机器视觉\ultraseg_Wall defects\data\Wall defects\wall_defect_0060.json
wall_defect_0061,train,1,D:\桌面\机器视觉\ultraseg_Wall defects\data\Wall defects\wall_defect_0061.jpg,D:\桌面\机器视觉\ultraseg_Wall defects\data\Wall defects\wall_defect_0061.json
wall_defect_0062,train,1,D:\桌面\机器视觉\ultraseg_Wall defects\data\Wall defects\wall_defect_0062.jpg,D:\桌面\机器视觉\ultraseg_Wall defects\data\Wall defects\wall_defect_0062.json
wall_defect_0063,train,1,D:\桌面\机器视觉\ultraseg_Wall defects\data\Wall defects\wall_defect_0063.jpg,D:\桌面\机器视觉\ultraseg_Wall defects\data\Wall defects\wall_defect_0063.json
wall_defect_0064,train,1,D:\桌面\机器视觉\ultraseg_Wall defects\data\Wall defects\wall_defect_0064.jpg,D:\桌面\机器视觉\ultraseg_Wall defects\data\Wall defects\wall_defect_0064.json
wall_defect_0065,train,1,D:\桌面\机器视觉\ultraseg_Wall defects\data\Wall defects\wall_defect_0065.jpg,D:\桌面\机器视觉\ultraseg_Wall defects\data\Wall defects\wall_defect_0065.json
wall_defect_0066,test,1,D:\桌面\机器视觉\ultraseg_Wall defects\data\Wall defects\wall_defect_0066.jpg,D:\桌面\机器视觉\ultraseg_Wall defects\data\Wall defects\wall_defect_0066.json
wall_defect_0067,test,1,D:\桌面\机器视觉\ultraseg_Wall defects\data\Wall defects\wall_defect_0067.jpg,D:\桌面\机器视觉\ultraseg_Wall defects\data\Wall defects\wall_defect_0067.json
wall_defect_0068,train,1,D:\桌面\机器视觉\ultraseg_Wall defects\data\Wall defects\wall_defect_0068.jpg,D:\桌面\机器视觉\ultraseg_Wall defects\data\Wall defects\wall_defect_0068.json
wall_defect_0069,train,1,D:\桌面\机器视觉\ultraseg_Wall defects\data\Wall defects\wall_defect_0069.jpg,D:\桌面\机器视觉\ultraseg_Wall defects\data\Wall defects\wall_defect_0069.json
wall_defect_0070,train,1,D:\桌面\机器视觉\ultraseg_Wall defects\data\Wall defects\wall_defect_0070.jpg,D:\桌面\机器视觉\ultraseg_Wall defects\data\Wall defects\wall_defect_0070.json
wall_defect_0071,train,1,D:\桌面\机器视觉\ultraseg_Wall defects\data\Wall defects\wall_defect_0071.jpg,D:\桌面\机器视觉\ultraseg_Wall defects\data\Wall defects\wall_defect_0071.json
wall_defect_0072,train,1,D:\桌面\机器视觉\ultraseg_Wall defects\data\Wall defects\wall_defect_0072.jpg,D:\桌面\机器视觉\ultraseg_Wall defects\data\Wall defects\wall_defect_0072.json
wall_defect_0073,train,1,D:\桌面\机器视觉\ultraseg_Wall defects\data\Wall defects\wall_defect_0073.jpg,D:\桌面\机器视觉\ultraseg_Wall defects\data\Wall defects\wall_defect_0073.json
wall_defect_0074,train,1,D:\桌面\机器视觉\ultraseg_Wall defects\data\Wall defects\wall_defect_0074.jpg,D:\桌面\机器视觉\ultraseg_Wall defects\data\Wall defects\wall_defect_0074.json
wall_defect_0075,test,1,D:\桌面\机器视觉\ultraseg_Wall defects\data\Wall defects\wall_defect_0075.jpg,D:\桌面\机器视觉\ultraseg_Wall defects\data\Wall defects\wall_defect_0075.json
wall_defect_0076,train,1,D:\桌面\机器视觉\ultraseg_Wall defects\data\Wall defects\wall_defect_0076.jpg,D:\桌面\机器视觉\ultraseg_Wall defects\data\Wall defects\wall_defect_0076.json
wall_defect_0077,val,1,D:\桌面\机器视觉\ultraseg_Wall defects\data\Wall defects\wall_defect_0077.jpg,D:\桌面\机器视觉\ultraseg_Wall defects\data\Wall defects\wall_defect_0077.json
wall_defect_0078,train,1,D:\桌面\机器视觉\ultraseg_Wall defects\data\Wall defects\wall_defect_0078.jpg,D:\桌面\机器视觉\ultraseg_Wall defects\data\Wall defects\wall_defect_0078.json
wall_defect_0079,test,1,D:\桌面\机器视觉\ultraseg_Wall defects\data\Wall defects\wall_defect_0079.jpg,D:\桌面\机器视觉\ultraseg_Wall defects\data\Wall defects\wall_defect_0079.json
wall_defect_0080,train,1,D:\桌面\机器视觉\ultraseg_Wall defects\data\Wall defects\wall_defect_0080.jpg,D:\桌面\机器视觉\ultraseg_Wall defects\data\Wall defects\wall_defect_0080.json
wall_defect_0081,test,1,D:\桌面\机器视觉\ultraseg_Wall defects\data\Wall defects\wall_defect_0081.jpg,D:\桌面\机器视觉\ultraseg_Wall defects\data\Wall defects\wall_defect_0081.json
wall_defect_0082,val,1,D:\桌面\机器视觉\ultraseg_Wall defects\data\Wall defects\wall_defect_0082.jpg,D:\桌面\机器视觉\ultraseg_Wall defects\data\Wall defects\wall_defect_0082.json
wall_defect_0083,train,1,D:\桌面\机器视觉\ultraseg_Wall defects\data\Wall defects\wall_defect_0083.jpg,D:\桌面\机器视觉\ultraseg_Wall defects\data\Wall defects\wall_defect_0083.json
wall_defect_0084,test,1,D:\桌面\机器视觉\ultraseg_Wall defects\data\Wall defects\wall_defect_0084.jpg,D:\桌面\机器视觉\ultraseg_Wall defects\data\Wall defects\wall_defect_0084.json
wall_defect_0085,train,1,D:\桌面\机器视觉\ultraseg_Wall defects\data\Wall defects\wall_defect_0085.jpg,D:\桌面\机器视觉\ultraseg_Wall defects\data\Wall defects\wall_defect_0085.json
wall_defect_0086,train,1,D:\桌面\机器视觉\ultraseg_Wall defects\data\Wall defects\wall_defect_0086.jpg,D:\桌面\机器视觉\ultraseg_Wall defects\data\Wall defects\wall_defect_0086.json
wall_defect_0087,train,1,D:\桌面\机器视觉\ultraseg_Wall defects\data\Wall defects\wall_defect_0087.jpg,D:\桌面\机器视觉\ultraseg_Wall defects\data\Wall defects\wall_defect_0087.json
wall_defect_0088,test,1,D:\桌面\机器视觉\ultraseg_Wall defects\data\Wall defects\wall_defect_0088.jpg,D:\桌面\机器视觉\ultraseg_Wall defects\data\Wall defects\wall_defect_0088.json
wall_defect_0089,val,1,D:\桌面\机器视觉\ultraseg_Wall defects\data\Wall defects\wall_defect_0089.jpg,D:\桌面\机器视觉\ultraseg_Wall defects\data\Wall defects\wall_defect_0089.json
wall_defect_0090,train,1,D:\桌面\机器视觉\ultraseg_Wall defects\data\Wall defects\wall_defect_0090.jpg,D:\桌面\机器视觉\ultraseg_Wall defects\data\Wall defects\wall_defect_0090.json
wall_defect_0091,test,1,D:\桌面\机器视觉\ultraseg_Wall defects\data\Wall defects\wall_defect_0091.jpg,D:\桌面\机器视觉\ultraseg_Wall defects\data\Wall defects\wall_defect_0091.json
wall_defect_0092,train,1,D:\桌面\机器视觉\ultraseg_Wall defects\data\Wall defects\wall_defect_0092.jpg,D:\桌面\机器视觉\ultraseg_Wall defects\data\Wall defects\wall_defect_0092.json
wall_defect_0093,train,1,D:\桌面\机器视觉\ultraseg_Wall defects\data\Wall defects\wall_defect_0093.jpg,D:\桌面\机器视觉\ultraseg_Wall defects\data\Wall defects\wall_defect_0093.json
wall_defect_0094,train,1,D:\桌面\机器视觉\ultraseg_Wall defects\data\Wall defects\wall_defect_0094.jpg,D:\桌面\机器视觉\ultraseg_Wall defects\data\Wall defects\wall_defect_0094.json
wall_defect_0095,train,1,D:\桌面\机器视觉\ultraseg_Wall defects\data\Wall defects\wall_defect_0095.jpg,D:\桌面\机器视觉\ultraseg_Wall defects\data\Wall defects\wall_defect_0095.json
wall_defect_0096,val,1,D:\桌面\机器视觉\ultraseg_Wall defects\data\Wall defects\wall_defect_0096.jpg,D:\桌面\机器视觉\ultraseg_Wall defects\data\Wall defects\wall_defect_0096.json
wall_defect_0097,train,1,D:\桌面\机器视觉\ultraseg_Wall defects\data\Wall defects\wall_defect_0097.jpg,D:\桌面\机器视觉\ultraseg_Wall defects\data\Wall defects\wall_defect_0097.json
wall_defect_0098,val,1,D:\桌面\机器视觉\ultraseg_Wall defects\data\Wall defects\wall_defect_0098.jpg,D:\桌面\机器视觉\ultraseg_Wall defects\data\Wall defects\wall_defect_0098.json
wall_defect_0099,train,1,D:\桌面\机器视觉\ultraseg_Wall defects\data\Wall defects\wall_defect_0099.jpg,D:\桌面\机器视觉\ultraseg_Wall defects\data\Wall defects\wall_defect_0099.json
wall_defect_0100,val,1,D:\桌面\机器视觉\ultraseg_Wall defects\data\Wall defects\wall_defect_0100.jpg,D:\桌面\机器视觉\ultraseg_Wall defects\data\Wall defects\wall_defect_0100.json
wall_defect_0101,train,1,D:\桌面\机器视觉\ultraseg_Wall defects\data\Wall defects\wall_defect_0101.jpg,D:\桌面\机器视觉\ultraseg_Wall defects\data\Wall defects\wall_defect_0101.json
wall_defect_0102,train,1,D:\桌面\机器视觉\ultraseg_Wall defects\data\Wall defects\wall_defect_0102.jpg,D:\桌面\机器视觉\ultraseg_Wall defects\data\Wall defects\wall_defect_0102.json
wall_defect_0103,train,1,D:\桌面\机器视觉\ultraseg_Wall defects\data\Wall defects\wall_defect_0103.jpg,D:\桌面\机器视觉\ultraseg_Wall defects\data\Wall defects\wall_defect_0103.json
wall_defect_0104,test,1,D:\桌面\机器视觉\ultraseg_Wall defects\data\Wall defects\wall_defect_0104.jpg,D:\桌面\机器视觉\ultraseg_Wall defects\data\Wall defects\wall_defect_0104.json
wall_defect_0105,test,1,D:\桌面\机器视觉\ultraseg_Wall defects\data\Wall defects\wall_defect_0105.jpg,D:\桌面\机器视觉\ultraseg_Wall defects\data\Wall defects\wall_defect_0105.json
wall_defect_0106,test,1,D:\桌面\机器视觉\ultraseg_Wall defects\data\Wall defects\wall_defect_0106.jpg,D:\桌面\机器视觉\ultraseg_Wall defects\data\Wall defects\wall_defect_0106.json
wall_defect_0107,train,1,D:\桌面\机器视觉\ultraseg_Wall defects\data\Wall defects\wall_defect_0107.jpg,D:\桌面\机器视觉\ultraseg_Wall defects\data\Wall defects\wall_defect_0107.json
wall_defect_0108,test,1,D:\桌面\机器视觉\ultraseg_Wall defects\data\Wall defects\wall_defect_0108.jpg,D:\桌面\机器视觉\ultraseg_Wall defects\data\Wall defects\wall_defect_0108.json
wall_defect_0109,train,1,D:\桌面\机器视觉\ultraseg_Wall defects\data\Wall defects\wall_defect_0109.jpg,D:\桌面\机器视觉\ultraseg_Wall defects\data\Wall defects\wall_defect_0109.json
wall_defect_0110,val,1,D:\桌面\机器视觉\ultraseg_Wall defects\data\Wall defects\wall_defect_0110.jpg,D:\桌面\机器视觉\ultraseg_Wall defects\data\Wall defects\wall_defect_0110.json
wall_defect_0111,train,1,D:\桌面\机器视觉\ultraseg_Wall defects\data\Wall defects\wall_defect_0111.jpg,D:\桌面\机器视觉\ultraseg_Wall defects\data\Wall defects\wall_defect_0111.json
wall_defect_0112,train,1,D:\桌面\机器视觉\ultraseg_Wall defects\data\Wall defects\wall_defect_0112.jpg,D:\桌面\机器视觉\ultraseg_Wall defects\data\Wall defects\wall_defect_0112.json
wall_defect_0113,train,1,D:\桌面\机器视觉\ultraseg_Wall defects\data\Wall defects\wall_defect_0113.jpg,D:\桌面\机器视觉\ultraseg_Wall defects\data\Wall defects\wall_defect_0113.json
wall_defect_0114,val,1,D:\桌面\机器视觉\ultraseg_Wall defects\data\Wall defects\wall_defect_0114.jpg,D:\桌面\机器视觉\ultraseg_Wall defects\data\Wall defects\wall_defect_0114.json
wall_defect_0115,train,1,D:\桌面\机器视觉\ultraseg_Wall defects\data\Wall defects\wall_defect_0115.jpg,D:\桌面\机器视觉\ultraseg_Wall defects\data\Wall defects\wall_defect_0115.json
wall_defect_0116,train,1,D:\桌面\机器视觉\ultraseg_Wall defects\data\Wall defects\wall_defect_0116.jpg,D:\桌面\机器视觉\ultraseg_Wall defects\data\Wall defects\wall_defect_0116.json
wall_defect_0117,test,1,D:\桌面\机器视觉\ultraseg_Wall defects\data\Wall defects\wall_defect_0117.jpg,D:\桌面\机器视觉\ultraseg_Wall defects\data\Wall defects\wall_defect_0117.json
wall_defect_0118,train,1,D:\桌面\机器视觉\ultraseg_Wall defects\data\Wall defects\wall_defect_0118.jpg,D:\桌面\机器视觉\ultraseg_Wall defects\data\Wall defects\wall_defect_0118.json
wall_defect_0119,train,1,D:\桌面\机器视觉\ultraseg_Wall defects\data\Wall defects\wall_defect_0119.jpg,D:\桌面\机器视觉\ultraseg_Wall defects\data\Wall defects\wall_defect_0119.json
wall_defect_0120,train,1,D:\桌面\机器视觉\ultraseg_Wall defects\data\Wall defects\wall_defect_0120.jpg,D:\桌面\机器视觉\ultraseg_Wall defects\data\Wall defects\wall_defect_0120.json
wall_defect_0121,val,1,D:\桌面\机器视觉\ultraseg_Wall defects\data\Wall defects\wall_defect_0121.jpg,D:\桌面\机器视觉\ultraseg_Wall defects\data\Wall defects\wall_defect_0121.json
wall_defect_0122,train,1,D:\桌面\机器视觉\ultraseg_Wall defects\data\Wall defects\wall_defect_0122.jpg,D:\桌面\机器视觉\ultraseg_Wall defects\data\Wall defects\wall_defect_0122.json
wall_defect_0123,train,1,D:\桌面\机器视觉\ultraseg_Wall defects\data\Wall defects\wall_defect_0123.jpg,D:\桌面\机器视觉\ultraseg_Wall defects\data\Wall defects\wall_defect_0123.json
wall_defect_0124,val,1,D:\桌面\机器视觉\ultraseg_Wall defects\data\Wall defects\wall_defect_0124.jpg,D:\桌面\机器视觉\ultraseg_Wall defects\data\Wall defects\wall_defect_0124.json
wall_defect_0125,train,1,D:\桌面\机器视觉\ultraseg_Wall defects\data\Wall defects\wall_defect_0125.jpg,D:\桌面\机器视觉\ultraseg_Wall defects\data\Wall defects\wall_defect_0125.json
wall_defect_0126,test,1,D:\桌面\机器视觉\ultraseg_Wall defects\data\Wall defects\wall_defect_0126.jpg,D:\桌面\机器视觉\ultraseg_Wall defects\data\Wall defects\wall_defect_0126.json
wall_defect_0127,val,1,D:\桌面\机器视觉\ultraseg_Wall defects\data\Wall defects\wall_defect_0127.jpg,D:\桌面\机器视觉\ultraseg_Wall defects\data\Wall defects\wall_defect_0127.json
wall_defect_0128,val,1,D:\桌面\机器视觉\ultraseg_Wall defects\data\Wall defects\wall_defect_0128.jpg,D:\桌面\机器视觉\ultraseg_Wall defects\data\Wall defects\wall_defect_0128.json
wall_defect_0129,test,1,D:\桌面\机器视觉\ultraseg_Wall defects\data\Wall defects\wall_defect_0129.jpg,D:\桌面\机器视觉\ultraseg_Wall defects\data\Wall defects\wall_defect_0129.json
wall_defect_0130,val,1,D:\桌面\机器视觉\ultraseg_Wall defects\data\Wall defects\wall_defect_0130.jpg,D:\桌面\机器视觉\ultraseg_Wall defects\data\Wall defects\wall_defect_0130.json
wall_defect_0131,train,1,D:\桌面\机器视觉\ultraseg_Wall defects\data\Wall defects\wall_defect_0131.jpg,D:\桌面\机器视觉\ultraseg_Wall defects\data\Wall defects\wall_defect_0131.json
wall_defect_0132,train,1,D:\桌面\机器视觉\ultraseg_Wall defects\data\Wall defects\wall_defect_0132.jpg,D:\桌面\机器视觉\ultraseg_Wall defects\data\Wall defects\wall_defect_0132.json
wall_defect_0133,train,1,D:\桌面\机器视觉\ultraseg_Wall defects\data\Wall defects\wall_defect_0133.jpg,D:\桌面\机器视觉\ultraseg_Wall defects\data\Wall defects\wall_defect_0133.json
wall_defect_0134,train,1,D:\桌面\机器视觉\ultraseg_Wall defects\data\Wall defects\wall_defect_0134.jpg,D:\桌面\机器视觉\ultraseg_Wall defects\data\Wall defects\wall_defect_0134.json
wall_defect_0135,train,1,D:\桌面\机器视觉\ultraseg_Wall defects\data\Wall defects\wall_defect_0135.jpg,D:\桌面\机器视觉\ultraseg_Wall defects\data\Wall defects\wall_defect_0135.json
wall_defect_0136,train,1,D:\桌面\机器视觉\ultraseg_Wall defects\data\Wall defects\wall_defect_0136.jpg,D:\桌面\机器视觉\ultraseg_Wall defects\data\Wall defects\wall_defect_0136.json
wall_defect_0137,train,1,D:\桌面\机器视觉\ultraseg_Wall defects\data\Wall defects\wall_defect_0137.jpg,D:\桌面\机器视觉\ultraseg_Wall defects\data\Wall defects\wall_defect_0137.json
wall_defect_0138,train,1,D:\桌面\机器视觉\ultraseg_Wall defects\data\Wall defects\wall_defect_0138.jpg,D:\桌面\机器视觉\ultraseg_Wall defects\data\Wall defects\wall_defect_0138.json
wall_defect_0139,train,1,D:\桌面\机器视觉\ultraseg_Wall defects\data\Wall defects\wall_defect_0139.jpg,D:\桌面\机器视觉\ultraseg_Wall defects\data\Wall defects\wall_defect_0139.json
wall_defect_0140,train,1,D:\桌面\机器视觉\ultraseg_Wall defects\data\Wall defects\wall_defect_0140.jpg,D:\桌面\机器视觉\ultraseg_Wall defects\data\Wall defects\wall_defect_0140.json
wall_defect_0141,train,1,D:\桌面\机器视觉\ultraseg_Wall defects\data\Wall defects\wall_defect_0141.jpg,D:\桌面\机器视觉\ultraseg_Wall defects\data\Wall defects\wall_defect_0141.json
wall_defect_0142,test,1,D:\桌面\机器视觉\ultraseg_Wall defects\data\Wall defects\wall_defect_0142.jpg,D:\桌面\机器视觉\ultraseg_Wall defects\data\Wall defects\wall_defect_0142.json
wall_defect_0143,train,1,D:\桌面\机器视觉\ultraseg_Wall defects\data\Wall defects\wall_defect_0143.jpg,D:\桌面\机器视觉\ultraseg_Wall defects\data\Wall defects\wall_defect_0143.json
wall_defect_0144,train,1,D:\桌面\机器视觉\ultraseg_Wall defects\data\Wall defects\wall_defect_0144.jpg,D:\桌面\机器视觉\ultraseg_Wall defects\data\Wall defects\wall_defect_0144.json
wall_defect_0145,test,1,D:\桌面\机器视觉\ultraseg_Wall defects\data\Wall defects\wall_defect_0145.jpg,D:\桌面\机器视觉\ultraseg_Wall defects\data\Wall defects\wall_defect_0145.json
wall_defect_0146,val,1,D:\桌面\机器视觉\ultraseg_Wall defects\data\Wall defects\wall_defect_0146.jpg,D:\桌面\机器视觉\ultraseg_Wall defects\data\Wall defects\wall_defect_0146.json
wall_defect_0147,train,1,D:\桌面\机器视觉\ultraseg_Wall defects\data\Wall defects\wall_defect_0147.jpg,D:\桌面\机器视觉\ultraseg_Wall defects\data\Wall defects\wall_defect_0147.json
wall_defect_0148,train,1,D:\桌面\机器视觉\ultraseg_Wall defects\data\Wall defects\wall_defect_0148.jpg,D:\桌面\机器视觉\ultraseg_Wall defects\data\Wall defects\wall_defect_0148.json
wall_defect_0149,train,1,D:\桌面\机器视觉\ultraseg_Wall defects\data\Wall defects\wall_defect_0149.jpg,D:\桌面\机器视觉\ultraseg_Wall defects\data\Wall defects\wall_defect_0149.json
wall_defect_0150,test,1,D:\桌面\机器视觉\ultraseg_Wall defects\data\Wall defects\wall_defect_0150.jpg,D:\桌面\机器视觉\ultraseg_Wall defects\data\Wall defects\wall_defect_0150.json
wall_defect_0151,train,1,D:\桌面\机器视觉\ultraseg_Wall defects\data\Wall defects\wall_defect_0151.jpg,D:\桌面\机器视觉\ultraseg_Wall defects\data\Wall defects\wall_defect_0151.json
wall_defect_0152,train,1,D:\桌面\机器视觉\ultraseg_Wall defects\data\Wall defects\wall_defect_0152.jpg,D:\桌面\机器视觉\ultraseg_Wall defects\data\Wall defects\wall_defect_0152.json
wall_defect_0153,train,1,D:\桌面\机器视觉\ultraseg_Wall defects\data\Wall defects\wall_defect_0153.jpg,D:\桌面\机器视觉\ultraseg_Wall defects\data\Wall defects\wall_defect_0153.json
wall_defect_0154,train,1,D:\桌面\机器视觉\ultraseg_Wall defects\data\Wall defects\wall_defect_0154.jpg,D:\桌面\机器视觉\ultraseg_Wall defects\data\Wall defects\wall_defect_0154.json
wall_defect_0155,train,1,D:\桌面\机器视觉\ultraseg_Wall defects\data\Wall defects\wall_defect_0155.jpg,D:\桌面\机器视觉\ultraseg_Wall defects\data\Wall defects\wall_defect_0155.json
wall_defect_0156,val,1,D:\桌面\机器视觉\ultraseg_Wall defects\data\Wall defects\wall_defect_0156.jpg,D:\桌面\机器视觉\ultraseg_Wall defects\data\Wall defects\wall_defect_0156.json
wall_defect_0157,val,1,D:\桌面\机器视觉\ultraseg_Wall defects\data\Wall defects\wall_defect_0157.jpg,D:\桌面\机器视觉\ultraseg_Wall defects\data\Wall defects\wall_defect_0157.json
wall_defect_0158,train,1,D:\桌面\机器视觉\ultraseg_Wall defects\data\Wall defects\wall_defect_0158.jpg,D:\桌面\机器视觉\ultraseg_Wall defects\data\Wall defects\wall_defect_0158.json
wall_defect_0159,test,1,D:\桌面\机器视觉\ultraseg_Wall defects\data\Wall defects\wall_defect_0159.jpg,D:\桌面\机器视觉\ultraseg_Wall defects\data\Wall defects\wall_defect_0159.json
wall_defect_0160,val,1,D:\桌面\机器视觉\ultraseg_Wall defects\data\Wall defects\wall_defect_0160.jpg,D:\桌面\机器视觉\ultraseg_Wall defects\data\Wall defects\wall_defect_0160.json
wall_defect_0161,test,1,D:\桌面\机器视觉\ultraseg_Wall defects\data\Wall defects\wall_defect_0161.jpg,D:\桌面\机器视觉\ultraseg_Wall defects\data\Wall defects\wall_defect_0161.json
wall_defect_0162,test,1,D:\桌面\机器视觉\ultraseg_Wall defects\data\Wall defects\wall_defect_0162.jpg,D:\桌面\机器视觉\ultraseg_Wall defects\data\Wall defects\wall_defect_0162.json
wall_defect_0163,train,1,D:\桌面\机器视觉\ultraseg_Wall defects\data\Wall defects\wall_defect_0163.jpg,D:\桌面\机器视觉\ultraseg_Wall defects\data\Wall defects\wall_defect_0163.json
wall_defect_0164,train,1,D:\桌面\机器视觉\ultraseg_Wall defects\data\Wall defects\wall_defect_0164.jpg,D:\桌面\机器视觉\ultraseg_Wall defects\data\Wall defects\wall_defect_0164.json
wall_defect_0165,train,1,D:\桌面\机器视觉\ultraseg_Wall defects\data\Wall defects\wall_defect_0165.jpg,D:\桌面\机器视觉\ultraseg_Wall defects\data\Wall defects\wall_defect_0165.json
wall_defect_0166,train,1,D:\桌面\机器视觉\ultraseg_Wall defects\data\Wall defects\wall_defect_0166.jpg,D:\桌面\机器视觉\ultraseg_Wall defects\data\Wall defects\wall_defect_0166.json
wall_defect_0167,test,1,D:\桌面\机器视觉\ultraseg_Wall defects\data\Wall defects\wall_defect_0167.jpg,D:\桌面\机器视觉\ultraseg_Wall defects\data\Wall defects\wall_defect_0167.json
wall_defect_0168,train,1,D:\桌面\机器视觉\ultraseg_Wall defects\data\Wall defects\wall_defect_0168.jpg,D:\桌面\机器视觉\ultraseg_Wall defects\data\Wall defects\wall_defect_0168.json
wall_defect_0169,train,1,D:\桌面\机器视觉\ultraseg_Wall defects\data\Wall defects\wall_defect_0169.jpg,D:\桌面\机器视觉\ultraseg_Wall defects\data\Wall defects\wall_defect_0169.json
wall_defect_0170,val,1,D:\桌面\机器视觉\ultraseg_Wall defects\data\Wall defects\wall_defect_0170.jpg,D:\桌面\机器视觉\ultraseg_Wall defects\data\Wall defects\wall_defect_0170.json
wall_defect_0171,train,1,D:\桌面\机器视觉\ultraseg_Wall defects\data\Wall defects\wall_defect_0171.jpg,D:\桌面\机器视觉\ultraseg_Wall defects\data\Wall defects\wall_defect_0171.json
wall_defect_0172,test,1,D:\桌面\机器视觉\ultraseg_Wall defects\data\Wall defects\wall_defect_0172.jpg,D:\桌面\机器视觉\ultraseg_Wall defects\data\Wall defects\wall_defect_0172.json
wall_defect_0173,val,1,D:\桌面\机器视觉\ultraseg_Wall defects\data\Wall defects\wall_defect_0173.jpg,D:\桌面\机器视觉\ultraseg_Wall defects\data\Wall defects\wall_defect_0173.json
wall_defect_0174,train,1,D:\桌面\机器视觉\ultraseg_Wall defects\data\Wall defects\wall_defect_0174.jpg,D:\桌面\机器视觉\ultraseg_Wall defects\data\Wall defects\wall_defect_0174.json
wall_defect_0175,train,1,D:\桌面\机器视觉\ultraseg_Wall defects\data\Wall defects\wall_defect_0175.jpg,D:\桌面\机器视觉\ultraseg_Wall defects\data\Wall defects\wall_defect_0175.json
wall_defect_0176,train,1,D:\桌面\机器视觉\ultraseg_Wall defects\data\Wall defects\wall_defect_0176.jpg,D:\桌面\机器视觉\ultraseg_Wall defects\data\Wall defects\wall_defect_0176.json
wall_defect_0177,train,1,D:\桌面\机器视觉\ultraseg_Wall defects\data\Wall defects\wall_defect_0177.jpg,D:\桌面\机器视觉\ultraseg_Wall defects\data\Wall defects\wall_defect_0177.json
wall_defect_0178,train,1,D:\桌面\机器视觉\ultraseg_Wall defects\data\Wall defects\wall_defect_0178.jpg,D:\桌面\机器视觉\ultraseg_Wall defects\data\Wall defects\wall_defect_0178.json
wall_defect_0179,test,1,D:\桌面\机器视觉\ultraseg_Wall defects\data\Wall defects\wall_defect_0179.jpg,D:\桌面\机器视觉\ultraseg_Wall defects\data\Wall defects\wall_defect_0179.json
wall_defect_0180,train,1,D:\桌面\机器视觉\ultraseg_Wall defects\data\Wall defects\wall_defect_0180.jpg,D:\桌面\机器视觉\ultraseg_Wall defects\data\Wall defects\wall_defect_0180.json
wall_defect_0181,train,1,D:\桌面\机器视觉\ultraseg_Wall defects\data\Wall defects\wall_defect_0181.jpg,D:\桌面\机器视觉\ultraseg_Wall defects\data\Wall defects\wall_defect_0181.json
wall_defect_0182,train,1,D:\桌面\机器视觉\ultraseg_Wall defects\data\Wall defects\wall_defect_0182.jpg,D:\桌面\机器视觉\ultraseg_Wall defects\data\Wall defects\wall_defect_0182.json
wall_defect_0183,train,1,D:\桌面\机器视觉\ultraseg_Wall defects\data\Wall defects\wall_defect_0183.jpg,D:\桌面\机器视觉\ultraseg_Wall defects\data\Wall defects\wall_defect_0183.json
wall_defect_0184,train,1,D:\桌面\机器视觉\ultraseg_Wall defects\data\Wall defects\wall_defect_0184.jpg,D:\桌面\机器视觉\ultraseg_Wall defects\data\Wall defects\wall_defect_0184.json
wall_defect_0185,train,1,D:\桌面\机器视觉\ultraseg_Wall defects\data\Wall defects\wall_defect_0185.jpg,D:\桌面\机器视觉\ultraseg_Wall defects\data\Wall defects\wall_defect_0185.json
wall_defect_0186,train,1,D:\桌面\机器视觉\ultraseg_Wall defects\data\Wall defects\wall_defect_0186.jpg,D:\桌面\机器视觉\ultraseg_Wall defects\data\Wall defects\wall_defect_0186.json
wall_defect_0187,train,1,D:\桌面\机器视觉\ultraseg_Wall defects\data\Wall defects\wall_defect_0187.jpg,D:\桌面\机器视觉\ultraseg_Wall defects\data\Wall defects\wall_defect_0187.json
wall_defect_0188,train,1,D:\桌面\机器视觉\ultraseg_Wall defects\data\Wall defects\wall_defect_0188.jpg,D:\桌面\机器视觉\ultraseg_Wall defects\data\Wall defects\wall_defect_0188.json
wall_defect_0189,train,1,D:\桌面\机器视觉\ultraseg_Wall defects\data\Wall defects\wall_defect_0189.jpg,D:\桌面\机器视觉\ultraseg_Wall defects\data\Wall defects\wall_defect_0189.json
wall_defect_0190,train,1,D:\桌面\机器视觉\ultraseg_Wall defects\data\Wall defects\wall_defect_0190.jpg,D:\桌面\机器视觉\ultraseg_Wall defects\data\Wall defects\wall_defect_0190.json
wall_defect_0191,train,1,D:\桌面\机器视觉\ultraseg_Wall defects\data\Wall defects\wall_defect_0191.jpg,D:\桌面\机器视觉\ultraseg_Wall defects\data\Wall defects\wall_defect_0191.json
wall_defect_0192,train,1,D:\桌面\机器视觉\ultraseg_Wall defects\data\Wall defects\wall_defect_0192.jpg,D:\桌面\机器视觉\ultraseg_Wall defects\data\Wall defects\wall_defect_0192.json
wall_defect_0193,train,1,D:\桌面\机器视觉\ultraseg_Wall defects\data\Wall defects\wall_defect_0193.jpg,D:\桌面\机器视觉\ultraseg_Wall defects\data\Wall defects\wall_defect_0193.json
wall_defect_0194,train,1,D:\桌面\机器视觉\ultraseg_Wall defects\data\Wall defects\wall_defect_0194.jpg,D:\桌面\机器视觉\ultraseg_Wall defects\data\Wall defects\wall_defect_0194.json
wall_defect_0195,train,1,D:\桌面\机器视觉\ultraseg_Wall defects\data\Wall defects\wall_defect_0195.jpg,D:\桌面\机器视觉\ultraseg_Wall defects\data\Wall defects\wall_defect_0195.json
wall_defect_0196,train,1,D:\桌面\机器视觉\ultraseg_Wall defects\data\Wall defects\wall_defect_0196.jpg,D:\桌面\机器视觉\ultraseg_Wall defects\data\Wall defects\wall_defect_0196.json
wall_defect_0197,train,1,D:\桌面\机器视觉\ultraseg_Wall defects\data\Wall defects\wall_defect_0197.jpg,D:\桌面\机器视觉\ultraseg_Wall defects\data\Wall defects\wall_defect_0197.json
wall_defect_0198,val,1,D:\桌面\机器视觉\ultraseg_Wall defects\data\Wall defects\wall_defect_0198.jpg,D:\桌面\机器视觉\ultraseg_Wall defects\data\Wall defects\wall_defect_0198.json
wall_defect_0199,train,1,D:\桌面\机器视觉\ultraseg_Wall defects\data\Wall defects\wall_defect_0199.jpg,D:\桌面\机器视觉\ultraseg_Wall defects\data\Wall defects\wall_defect_0199.json
wall_defect_0200,train,1,D:\桌面\机器视觉\ultraseg_Wall defects\data\Wall defects\wall_defect_0200.jpg,D:\桌面\机器视觉\ultraseg_Wall defects\data\Wall defects\wall_defect_0200.json
wall_defect_0201,train,1,D:\桌面\机器视觉\ultraseg_Wall defects\data\Wall defects\wall_defect_0201.jpg,D:\桌面\机器视觉\ultraseg_Wall defects\data\Wall defects\wall_defect_0201.json
wall_defect_0202,train,1,D:\桌面\机器视觉\ultraseg_Wall defects\data\Wall defects\wall_defect_0202.jpg,D:\桌面\机器视觉\ultraseg_Wall defects\data\Wall defects\wall_defect_0202.json
wall_defect_0203,train,1,D:\桌面\机器视觉\ultraseg_Wall defects\data\Wall defects\wall_defect_0203.jpg,D:\桌面\机器视觉\ultraseg_Wall defects\data\Wall defects\wall_defect_0203.json
wall_defect_0204,train,1,D:\桌面\机器视觉\ultraseg_Wall defects\data\Wall defects\wall_defect_0204.jpg,D:\桌面\机器视觉\ultraseg_Wall defects\data\Wall defects\wall_defect_0204.json
wall_defect_0205,train,1,D:\桌面\机器视觉\ultraseg_Wall defects\data\Wall defects\wall_defect_0205.jpg,D:\桌面\机器视觉\ultraseg_Wall defects\data\Wall defects\wall_defect_0205.json
wall_defect_0206,train,1,D:\桌面\机器视觉\ultraseg_Wall defects\data\Wall defects\wall_defect_0206.jpg,D:\桌面\机器视觉\ultraseg_Wall defects\data\Wall defects\wall_defect_0206.json
wall_defect_0207,train,1,D:\桌面\机器视觉\ultraseg_Wall defects\data\Wall defects\wall_defect_0207.jpg,D:\桌面\机器视觉\ultraseg_Wall defects\data\Wall defects\wall_defect_0207.json
wall_defect_0208,train,1,D:\桌面\机器视觉\ultraseg_Wall defects\data\Wall defects\wall_defect_0208.jpg,D:\桌面\机器视觉\ultraseg_Wall defects\data\Wall defects\wall_defect_0208.json
wall_defect_0209,test,1,D:\桌面\机器视觉\ultraseg_Wall defects\data\Wall defects\wall_defect_0209.jpg,D:\桌面\机器视觉\ultraseg_Wall defects\data\Wall defects\wall_defect_0209.json
wall_defect_0210,train,1,D:\桌面\机器视觉\ultraseg_Wall defects\data\Wall defects\wall_defect_0210.jpg,D:\桌面\机器视觉\ultraseg_Wall defects\data\Wall defects\wall_defect_0210.json
wall_defect_0211,train,1,D:\桌面\机器视觉\ultraseg_Wall defects\data\Wall defects\wall_defect_0211.jpg,D:\桌面\机器视觉\ultraseg_Wall defects\data\Wall defects\wall_defect_0211.json
wall_defect_0212,train,1,D:\桌面\机器视觉\ultraseg_Wall defects\data\Wall defects\wall_defect_0212.jpg,D:\桌面\机器视觉\ultraseg_Wall defects\data\Wall defects\wall_defect_0212.json
wall_defect_0213,val,1,D:\桌面\机器视觉\ultraseg_Wall defects\data\Wall defects\wall_defect_0213.jpg,D:\桌面\机器视觉\ultraseg_Wall defects\data\Wall defects\wall_defect_0213.json
wall_defect_0214,train,1,D:\桌面\机器视觉\ultraseg_Wall defects\data\Wall defects\wall_defect_0214.jpg,D:\桌面\机器视觉\ultraseg_Wall defects\data\Wall defects\wall_defect_0214.json
wall_defect_0215,val,1,D:\桌面\机器视觉\ultraseg_Wall defects\data\Wall defects\wall_defect_0215.jpg,D:\桌面\机器视觉\ultraseg_Wall defects\data\Wall defects\wall_defect_0215.json
wall_defect_0216,train,1,D:\桌面\机器视觉\ultraseg_Wall defects\data\Wall defects\wall_defect_0216.jpg,D:\桌面\机器视觉\ultraseg_Wall defects\data\Wall defects\wall_defect_0216.json
wall_defect_0217,train,1,D:\桌面\机器视觉\ultraseg_Wall defects\data\Wall defects\wall_defect_0217.jpg,D:\桌面\机器视觉\ultraseg_Wall defects\data\Wall defects\wall_defect_0217.json
wall_defect_0218,train,1,D:\桌面\机器视觉\ultraseg_Wall defects\data\Wall defects\wall_defect_0218.jpg,D:\桌面\机器视觉\ultraseg_Wall defects\data\Wall defects\wall_defect_0218.json
wall_defect_0219,train,1,D:\桌面\机器视觉\ultraseg_Wall defects\data\Wall defects\wall_defect_0219.jpg,D:\桌面\机器视觉\ultraseg_Wall defects\data\Wall defects\wall_defect_0219.json
wall_defect_0220,train,1,D:\桌面\机器视觉\ultraseg_Wall defects\data\Wall defects\wall_defect_0220.jpg,D:\桌面\机器视觉\ultraseg_Wall defects\data\Wall defects\wall_defect_0220.json
wall_defect_0221,val,1,D:\桌面\机器视觉\ultraseg_Wall defects\data\Wall defects\wall_defect_0221.jpg,D:\桌面\机器视觉\ultraseg_Wall defects\data\Wall defects\wall_defect_0221.json
wall_defect_0222,test,1,D:\桌面\机器视觉\ultraseg_Wall defects\data\Wall defects\wall_defect_0222.jpg,D:\桌面\机器视觉\ultraseg_Wall defects\data\Wall defects\wall_defect_0222.json
wall_defect_0223,train,1,D:\桌面\机器视觉\ultraseg_Wall defects\data\Wall defects\wall_defect_0223.jpg,D:\桌面\机器视觉\ultraseg_Wall defects\data\Wall defects\wall_defect_0223.json
wall_defect_0224,train,1,D:\桌面\机器视觉\ultraseg_Wall defects\data\Wall defects\wall_defect_0224.jpg,D:\桌面\机器视觉\ultraseg_Wall defects\data\Wall defects\wall_defect_0224.json
wall_defect_0225,train,1,D:\桌面\机器视觉\ultraseg_Wall defects\data\Wall defects\wall_defect_0225.jpg,D:\桌面\机器视觉\ultraseg_Wall defects\data\Wall defects\wall_defect_0225.json
wall_defect_0226,test,1,D:\桌面\机器视觉\ultraseg_Wall defects\data\Wall defects\wall_defect_0226.jpg,D:\桌面\机器视觉\ultraseg_Wall defects\data\Wall defects\wall_defect_0226.json
wall_defect_0227,train,1,D:\桌面\机器视觉\ultraseg_Wall defects\data\Wall defects\wall_defect_0227.jpg,D:\桌面\机器视觉\ultraseg_Wall defects\data\Wall defects\wall_defect_0227.json
wall_defect_0228,train,1,D:\桌面\机器视觉\ultraseg_Wall defects\data\Wall defects\wall_defect_0228.jpg,D:\桌面\机器视觉\ultraseg_Wall defects\data\Wall defects\wall_defect_0228.json
wall_defect_0229,val,1,D:\桌面\机器视觉\ultraseg_Wall defects\data\Wall defects\wall_defect_0229.jpg,D:\桌面\机器视觉\ultraseg_Wall defects\data\Wall defects\wall_defect_0229.json
wall_defect_0230,train,1,D:\桌面\机器视觉\ultraseg_Wall defects\data\Wall defects\wall_defect_0230.jpg,D:\桌面\机器视觉\ultraseg_Wall defects\data\Wall defects\wall_defect_0230.json
wall_defect_0231,train,1,D:\桌面\机器视觉\ultraseg_Wall defects\data\Wall defects\wall_defect_0231.jpg,D:\桌面\机器视觉\ultraseg_Wall defects\data\Wall defects\wall_defect_0231.json
wall_defect_0232,train,1,D:\桌面\机器视觉\ultraseg_Wall defects\data\Wall defects\wall_defect_0232.jpg,D:\桌面\机器视觉\ultraseg_Wall defects\data\Wall defects\wall_defect_0232.json
wall_defect_0233,val,1,D:\桌面\机器视觉\ultraseg_Wall defects\data\Wall defects\wall_defect_0233.jpg,D:\桌面\机器视觉\ultraseg_Wall defects\data\Wall defects\wall_defect_0233.json
wall_defect_0234,train,1,D:\桌面\机器视觉\ultraseg_Wall defects\data\Wall defects\wall_defect_0234.jpg,D:\桌面\机器视觉\ultraseg_Wall defects\data\Wall defects\wall_defect_0234.json
wall_defect_0235,test,1,D:\桌面\机器视觉\ultraseg_Wall defects\data\Wall defects\wall_defect_0235.jpg,D:\桌面\机器视觉\ultraseg_Wall defects\data\Wall defects\wall_defect_0235.json
wall_defect_0236,test,1,D:\桌面\机器视觉\ultraseg_Wall defects\data\Wall defects\wall_defect_0236.jpg,D:\桌面\机器视觉\ultraseg_Wall defects\data\Wall defects\wall_defect_0236.json
wall_defect_0237,test,1,D:\桌面\机器视觉\ultraseg_Wall defects\data\Wall defects\wall_defect_0237.jpg,D:\桌面\机器视觉\ultraseg_Wall defects\data\Wall defects\wall_defect_0237.json
wall_defect_0238,train,1,D:\桌面\机器视觉\ultraseg_Wall defects\data\Wall defects\wall_defect_0238.jpg,D:\桌面\机器视觉\ultraseg_Wall defects\data\Wall defects\wall_defect_0238.json
wall_defect_0239,train,1,D:\桌面\机器视觉\ultraseg_Wall defects\data\Wall defects\wall_defect_0239.jpg,D:\桌面\机器视觉\ultraseg_Wall defects\data\Wall defects\wall_defect_0239.json
wall_defect_0240,val,1,D:\桌面\机器视觉\ultraseg_Wall defects\data\Wall defects\wall_defect_0240.jpg,D:\桌面\机器视觉\ultraseg_Wall defects\data\Wall defects\wall_defect_0240.json
wall_defect_0241,train,1,D:\桌面\机器视觉\ultraseg_Wall defects\data\Wall defects\wall_defect_0241.jpg,D:\桌面\机器视觉\ultraseg_Wall defects\data\Wall defects\wall_defect_0241.json
wall_defect_0242,val,1,D:\桌面\机器视觉\ultraseg_Wall defects\data\Wall defects\wall_defect_0242.jpg,D:\桌面\机器视觉\ultraseg_Wall defects\data\Wall defects\wall_defect_0242.json
wall_defect_0243,train,1,D:\桌面\机器视觉\ultraseg_Wall defects\data\Wall defects\wall_defect_0243.jpg,D:\桌面\机器视觉\ultraseg_Wall defects\data\Wall defects\wall_defect_0243.json
wall_defect_0244,val,1,D:\桌面\机器视觉\ultraseg_Wall defects\data\Wall defects\wall_defect_0244.jpg,D:\桌面\机器视觉\ultraseg_Wall defects\data\Wall defects\wall_defect_0244.json
wall_defect_0245,train,1,D:\桌面\机器视觉\ultraseg_Wall defects\data\Wall defects\wall_defect_0245.jpg,D:\桌面\机器视觉\ultraseg_Wall defects\data\Wall defects\wall_defect_0245.json
wall_defect_0246,val,1,D:\桌面\机器视觉\ultraseg_Wall defects\data\Wall defects\wall_defect_0246.jpg,D:\桌面\机器视觉\ultraseg_Wall defects\data\Wall defects\wall_defect_0246.json
wall_defect_0247,train,1,D:\桌面\机器视觉\ultraseg_Wall defects\data\Wall defects\wall_defect_0247.jpg,D:\桌面\机器视觉\ultraseg_Wall defects\data\Wall defects\wall_defect_0247.json
wall_defect_0248,train,1,D:\桌面\机器视觉\ultraseg_Wall defects\data\Wall defects\wall_defect_0248.jpg,D:\桌面\机器视觉\ultraseg_Wall defects\data\Wall defects\wall_defect_0248.json
wall_defect_0249,train,1,D:\桌面\机器视觉\ultraseg_Wall defects\data\Wall defects\wall_defect_0249.jpg,D:\桌面\机器视觉\ultraseg_Wall defects\data\Wall defects\wall_defect_0249.json
wall_defect_0250,train,1,D:\桌面\机器视觉\ultraseg_Wall defects\data\Wall defects\wall_defect_0250.jpg,D:\桌面\机器视觉\ultraseg_Wall defects\data\Wall defects\wall_defect_0250.json
wall_defect_0251,train,1,D:\桌面\机器视觉\ultraseg_Wall defects\data\Wall defects\wall_defect_0251.jpg,D:\桌面\机器视觉\ultraseg_Wall defects\data\Wall defects\wall_defect_0251.json
wall_defect_0252,test,1,D:\桌面\机器视觉\ultraseg_Wall defects\data\Wall defects\wall_defect_0252.jpg,D:\桌面\机器视觉\ultraseg_Wall defects\data\Wall defects\wall_defect_0252.json
wall_defect_0253,train,1,D:\桌面\机器视觉\ultraseg_Wall defects\data\Wall defects\wall_defect_0253.jpg,D:\桌面\机器视觉\ultraseg_Wall defects\data\Wall defects\wall_defect_0253.json
wall_defect_0254,train,1,D:\桌面\机器视觉\ultraseg_Wall defects\data\Wall defects\wall_defect_0254.jpg,D:\桌面\机器视觉\ultraseg_Wall defects\data\Wall defects\wall_defect_0254.json
wall_defect_0255,train,1,D:\桌面\机器视觉\ultraseg_Wall defects\data\Wall defects\wall_defect_0255.jpg,D:\桌面\机器视觉\ultraseg_Wall defects\data\Wall defects\wall_defect_0255.json
wall_defect_0256,train,1,D:\桌面\机器视觉\ultraseg_Wall defects\data\Wall defects\wall_defect_0256.jpg,D:\桌面\机器视觉\ultraseg_Wall defects\data\Wall defects\wall_defect_0256.json
wall_defect_0257,train,1,D:\桌面\机器视觉\ultraseg_Wall defects\data\Wall defects\wall_defect_0257.jpg,D:\桌面\机器视觉\ultraseg_Wall defects\data\Wall defects\wall_defect_0257.json
wall_defect_0258,train,1,D:\桌面\机器视觉\ultraseg_Wall defects\data\Wall defects\wall_defect_0258.jpg,D:\桌面\机器视觉\ultraseg_Wall defects\data\Wall defects\wall_defect_0258.json
wall_defect_0259,train,1,D:\桌面\机器视觉\ultraseg_Wall defects\data\Wall defects\wall_defect_0259.jpg,D:\桌面\机器视觉\ultraseg_Wall defects\data\Wall defects\wall_defect_0259.json
wall_defect_0260,val,1,D:\桌面\机器视觉\ultraseg_Wall defects\data\Wall defects\wall_defect_0260.jpg,D:\桌面\机器视觉\ultraseg_Wall defects\data\Wall defects\wall_defect_0260.json
wall_defect_0261,train,1,D:\桌面\机器视觉\ultraseg_Wall defects\data\Wall defects\wall_defect_0261.jpg,D:\桌面\机器视觉\ultraseg_Wall defects\data\Wall defects\wall_defect_0261.json
wall_defect_0262,train,1,D:\桌面\机器视觉\ultraseg_Wall defects\data\Wall defects\wall_defect_0262.jpg,D:\桌面\机器视觉\ultraseg_Wall defects\data\Wall defects\wall_defect_0262.json
wall_defect_0263,test,1,D:\桌面\机器视觉\ultraseg_Wall defects\data\Wall defects\wall_defect_0263.jpg,D:\桌面\机器视觉\ultraseg_Wall defects\data\Wall defects\wall_defect_0263.json
wall_defect_0264,train,1,D:\桌面\机器视觉\ultraseg_Wall defects\data\Wall defects\wall_defect_0264.jpg,D:\桌面\机器视觉\ultraseg_Wall defects\data\Wall defects\wall_defect_0264.json
wall_defect_0265,test,1,D:\桌面\机器视觉\ultraseg_Wall defects\data\Wall defects\wall_defect_0265.jpg,D:\桌面\机器视觉\ultraseg_Wall defects\data\Wall defects\wall_defect_0265.json
wall_defect_0266,val,1,D:\桌面\机器视觉\ultraseg_Wall defects\data\Wall defects\wall_defect_0266.jpg,D:\桌面\机器视觉\ultraseg_Wall defects\data\Wall defects\wall_defect_0266.json
wall_defect_0267,test,1,D:\桌面\机器视觉\ultraseg_Wall defects\data\Wall defects\wall_defect_0267.jpg,D:\桌面\机器视觉\ultraseg_Wall defects\data\Wall defects\wall_defect_0267.json
wall_defect_0268,test,1,D:\桌面\机器视觉\ultraseg_Wall defects\data\Wall defects\wall_defect_0268.jpg,D:\桌面\机器视觉\ultraseg_Wall defects\data\Wall defects\wall_defect_0268.json
wall_defect_0269,test,1,D:\桌面\机器视觉\ultraseg_Wall defects\data\Wall defects\wall_defect_0269.jpg,D:\桌面\机器视觉\ultraseg_Wall defects\data\Wall defects\wall_defect_0269.json
wall_defect_0270,train,1,D:\桌面\机器视觉\ultraseg_Wall defects\data\Wall defects\wall_defect_0270.jpg,D:\桌面\机器视觉\ultraseg_Wall defects\data\Wall defects\wall_defect_0270.json
wall_defect_0271,test,1,D:\桌面\机器视觉\ultraseg_Wall defects\data\Wall defects\wall_defect_0271.jpg,D:\桌面\机器视觉\ultraseg_Wall defects\data\Wall defects\wall_defect_0271.json
wall_defect_0272,train,1,D:\桌面\机器视觉\ultraseg_Wall defects\data\Wall defects\wall_defect_0272.jpg,D:\桌面\机器视觉\ultraseg_Wall defects\data\Wall defects\wall_defect_0272.json
wall_defect_0273,train,1,D:\桌面\机器视觉\ultraseg_Wall defects\data\Wall defects\wall_defect_0273.jpg,D:\桌面\机器视觉\ultraseg_Wall defects\data\Wall defects\wall_defect_0273.json
wall_defect_0274,val,1,D:\桌面\机器视觉\ultraseg_Wall defects\data\Wall defects\wall_defect_0274.jpg,D:\桌面\机器视觉\ultraseg_Wall defects\data\Wall defects\wall_defect_0274.json
wall_defect_0275,train,1,D:\桌面\机器视觉\ultraseg_Wall defects\data\Wall defects\wall_defect_0275.jpg,D:\桌面\机器视觉\ultraseg_Wall defects\data\Wall defects\wall_defect_0275.json
wall_defect_0276,train,1,D:\桌面\机器视觉\ultraseg_Wall defects\data\Wall defects\wall_defect_0276.jpg,D:\桌面\机器视觉\ultraseg_Wall defects\data\Wall defects\wall_defect_0276.json
wall_defect_0277,train,1,D:\桌面\机器视觉\ultraseg_Wall defects\data\Wall defects\wall_defect_0277.jpg,D:\桌面\机器视觉\ultraseg_Wall defects\data\Wall defects\wall_defect_0277.json
wall_defect_0278,train,1,D:\桌面\机器视觉\ultraseg_Wall defects\data\Wall defects\wall_defect_0278.jpg,D:\桌面\机器视觉\ultraseg_Wall defects\data\Wall defects\wall_defect_0278.json
wall_defect_0279,train,1,D:\桌面\机器视觉\ultraseg_Wall defects\data\Wall defects\wall_defect_0279.jpg,D:\桌面\机器视觉\ultraseg_Wall defects\data\Wall defects\wall_defect_0279.json
wall_defect_0280,train,1,D:\桌面\机器视觉\ultraseg_Wall defects\data\Wall defects\wall_defect_0280.jpg,D:\桌面\机器视觉\ultraseg_Wall defects\data\Wall defects\wall_defect_0280.json
wall_defect_0281,train,1,D:\桌面\机器视觉\ultraseg_Wall defects\data\Wall defects\wall_defect_0281.jpg,D:\桌面\机器视觉\ultraseg_Wall defects\data\Wall defects\wall_defect_0281.json
wall_defect_0282,train,1,D:\桌面\机器视觉\ultraseg_Wall defects\data\Wall defects\wall_defect_0282.jpg,D:\桌面\机器视觉\ultraseg_Wall defects\data\Wall defects\wall_defect_0282.json
wall_defect_0283,train,1,D:\桌面\机器视觉\ultraseg_Wall defects\data\Wall defects\wall_defect_0283.jpg,D:\桌面\机器视觉\ultraseg_Wall defects\data\Wall defects\wall_defect_0283.json
wall_defect_0284,train,1,D:\桌面\机器视觉\ultraseg_Wall defects\data\Wall defects\wall_defect_0284.jpg,D:\桌面\机器视觉\ultraseg_Wall defects\data\Wall defects\wall_defect_0284.json
wall_defect_0285,train,1,D:\桌面\机器视觉\ultraseg_Wall defects\data\Wall defects\wall_defect_0285.jpg,D:\桌面\机器视觉\ultraseg_Wall defects\data\Wall defects\wall_defect_0285.json
wall_defect_0286,train,1,D:\桌面\机器视觉\ultraseg_Wall defects\data\Wall defects\wall_defect_0286.jpg,D:\桌面\机器视觉\ultraseg_Wall defects\data\Wall defects\wall_defect_0286.json
wall_defect_0287,train,1,D:\桌面\机器视觉\ultraseg_Wall defects\data\Wall defects\wall_defect_0287.jpg,D:\桌面\机器视觉\ultraseg_Wall defects\data\Wall defects\wall_defect_0287.json
wall_defect_0288,train,1,D:\桌面\机器视觉\ultraseg_Wall defects\data\Wall defects\wall_defect_0288.jpg,D:\桌面\机器视觉\ultraseg_Wall defects\data\Wall defects\wall_defect_0288.json
wall_defect_0289,train,1,D:\桌面\机器视觉\ultraseg_Wall defects\data\Wall defects\wall_defect_0289.jpg,D:\桌面\机器视觉\ultraseg_Wall defects\data\Wall defects\wall_defect_0289.json
wall_defect_0290,train,1,D:\桌面\机器视觉\ultraseg_Wall defects\data\Wall defects\wall_defect_0290.jpg,D:\桌面\机器视觉\ultraseg_Wall defects\data\Wall defects\wall_defect_0290.json
wall_defect_0291,train,1,D:\桌面\机器视觉\ultraseg_Wall defects\data\Wall defects\wall_defect_0291.jpg,D:\桌面\机器视觉\ultraseg_Wall defects\data\Wall defects\wall_defect_0291.json
wall_defect_0292,train,1,D:\桌面\机器视觉\ultraseg_Wall defects\data\Wall defects\wall_defect_0292.jpg,D:\桌面\机器视觉\ultraseg_Wall defects\data\Wall defects\wall_defect_0292.json
wall_defect_0293,train,1,D:\桌面\机器视觉\ultraseg_Wall defects\data\Wall defects\wall_defect_0293.jpg,D:\桌面\机器视觉\ultraseg_Wall defects\data\Wall defects\wall_defect_0293.json
wall_defect_0294,val,1,D:\桌面\机器视觉\ultraseg_Wall defects\data\Wall defects\wall_defect_0294.jpg,D:\桌面\机器视觉\ultraseg_Wall defects\data\Wall defects\wall_defect_0294.json
wall_defect_0295,train,1,D:\桌面\机器视觉\ultraseg_Wall defects\data\Wall defects\wall_defect_0295.jpg,D:\桌面\机器视觉\ultraseg_Wall defects\data\Wall defects\wall_defect_0295.json
wall_defect_0296,train,1,D:\桌面\机器视觉\ultraseg_Wall defects\data\Wall defects\wall_defect_0296.jpg,D:\桌面\机器视觉\ultraseg_Wall defects\data\Wall defects\wall_defect_0296.json
wall_defect_0297,test,1,D:\桌面\机器视觉\ultraseg_Wall defects\data\Wall defects\wall_defect_0297.jpg,D:\桌面\机器视觉\ultraseg_Wall defects\data\Wall defects\wall_defect_0297.json
wall_defect_0298,train,1,D:\桌面\机器视觉\ultraseg_Wall defects\data\Wall defects\wall_defect_0298.jpg,D:\桌面\机器视觉\ultraseg_Wall defects\data\Wall defects\wall_defect_0298.json
wall_defect_0299,test,1,D:\桌面\机器视觉\ultraseg_Wall defects\data\Wall defects\wall_defect_0299.jpg,D:\桌面\机器视觉\ultraseg_Wall defects\data\Wall defects\wall_defect_0299.json
wall_defect_0300,val,1,D:\桌面\机器视觉\ultraseg_Wall defects\data\Wall defects\wall_defect_0300.jpg,D:\桌面\机器视觉\ultraseg_Wall defects\data\Wall defects\wall_defect_0300.json
wall_defect_0301,test,1,D:\桌面\机器视觉\ultraseg_Wall defects\data\Wall defects\wall_defect_0301.jpg,D:\桌面\机器视觉\ultraseg_Wall defects\data\Wall defects\wall_defect_0301.json
wall_defect_0302,train,1,D:\桌面\机器视觉\ultraseg_Wall defects\data\Wall defects\wall_defect_0302.jpg,D:\桌面\机器视觉\ultraseg_Wall defects\data\Wall defects\wall_defect_0302.json
wall_defect_0303,train,1,D:\桌面\机器视觉\ultraseg_Wall defects\data\Wall defects\wall_defect_0303.jpg,D:\桌面\机器视觉\ultraseg_Wall defects\data\Wall defects\wall_defect_0303.json
wall_defect_0304,train,1,D:\桌面\机器视觉\ultraseg_Wall defects\data\Wall defects\wall_defect_0304.jpg,D:\桌面\机器视觉\ultraseg_Wall defects\data\Wall defects\wall_defect_0304.json
wall_defect_0305,train,1,D:\桌面\机器视觉\ultraseg_Wall defects\data\Wall defects\wall_defect_0305.jpg,D:\桌面\机器视觉\ultraseg_Wall defects\data\Wall defects\wall_defect_0305.json
wall_defect_0306,train,1,D:\桌面\机器视觉\ultraseg_Wall defects\data\Wall defects\wall_defect_0306.jpg,D:\桌面\机器视觉\ultraseg_Wall defects\data\Wall defects\wall_defect_0306.json
wall_defect_0307,train,1,D:\桌面\机器视觉\ultraseg_Wall defects\data\Wall defects\wall_defect_0307.jpg,D:\桌面\机器视觉\ultraseg_Wall defects\data\Wall defects\wall_defect_0307.json
wall_defect_0308,train,1,D:\桌面\机器视觉\ultraseg_Wall defects\data\Wall defects\wall_defect_0308.jpg,D:\桌面\机器视觉\ultraseg_Wall defects\data\Wall defects\wall_defect_0308.json
wall_defect_0309,train,1,D:\桌面\机器视觉\ultraseg_Wall defects\data\Wall defects\wall_defect_0309.jpg,D:\桌面\机器视觉\ultraseg_Wall defects\data\Wall defects\wall_defect_0309.json
wall_defect_0310,test,1,D:\桌面\机器视觉\ultraseg_Wall defects\data\Wall defects\wall_defect_0310.jpg,D:\桌面\机器视觉\ultraseg_Wall defects\data\Wall defects\wall_defect_0310.json
wall_defect_0311,val,1,D:\桌面\机器视觉\ultraseg_Wall defects\data\Wall defects\wall_defect_0311.jpg,D:\桌面\机器视觉\ultraseg_Wall defects\data\Wall defects\wall_defect_0311.json
wall_defect_0312,test,1,D:\桌面\机器视觉\ultraseg_Wall defects\data\Wall defects\wall_defect_0312.jpg,D:\桌面\机器视觉\ultraseg_Wall defects\data\Wall defects\wall_defect_0312.json
wall_defect_0313,train,1,D:\桌面\机器视觉\ultraseg_Wall defects\data\Wall defects\wall_defect_0313.jpg,D:\桌面\机器视觉\ultraseg_Wall defects\data\Wall defects\wall_defect_0313.json
wall_defect_0314,val,1,D:\桌面\机器视觉\ultraseg_Wall defects\data\Wall defects\wall_defect_0314.jpg,D:\桌面\机器视觉\ultraseg_Wall defects\data\Wall defects\wall_defect_0314.json
wall_defect_0315,train,1,D:\桌面\机器视觉\ultraseg_Wall defects\data\Wall defects\wall_defect_0315.jpg,D:\桌面\机器视觉\ultraseg_Wall defects\data\Wall defects\wall_defect_0315.json
wall_defect_0316,train,1,D:\桌面\机器视觉\ultraseg_Wall defects\data\Wall defects\wall_defect_0316.jpg,D:\桌面\机器视觉\ultraseg_Wall defects\data\Wall defects\wall_defect_0316.json
wall_defect_0317,train,1,D:\桌面\机器视觉\ultraseg_Wall defects\data\Wall defects\wall_defect_0317.jpg,D:\桌面\机器视觉\ultraseg_Wall defects\data\Wall defects\wall_defect_0317.json
wall_defect_0318,test,1,D:\桌面\机器视觉\ultraseg_Wall defects\data\Wall defects\wall_defect_0318.jpg,D:\桌面\机器视觉\ultraseg_Wall defects\data\Wall defects\wall_defect_0318.json
wall_defect_0319,val,1,D:\桌面\机器视觉\ultraseg_Wall defects\data\Wall defects\wall_defect_0319.jpg,D:\桌面\机器视觉\ultraseg_Wall defects\data\Wall defects\wall_defect_0319.json
wall_defect_0320,train,1,D:\桌面\机器视觉\ultraseg_Wall defects\data\Wall defects\wall_defect_0320.jpg,D:\桌面\机器视觉\ultraseg_Wall defects\data\Wall defects\wall_defect_0320.json
wall_defect_0321,train,1,D:\桌面\机器视觉\ultraseg_Wall defects\data\Wall defects\wall_defect_0321.jpg,D:\桌面\机器视觉\ultraseg_Wall defects\data\Wall defects\wall_defect_0321.json
wall_defect_0322,train,1,D:\桌面\机器视觉\ultraseg_Wall defects\data\Wall defects\wall_defect_0322.jpg,D:\桌面\机器视觉\ultraseg_Wall defects\data\Wall defects\wall_defect_0322.json
wall_defect_0323,train,1,D:\桌面\机器视觉\ultraseg_Wall defects\data\Wall defects\wall_defect_0323.jpg,D:\桌面\机器视觉\ultraseg_Wall defects\data\Wall defects\wall_defect_0323.json
wall_defect_0324,train,1,D:\桌面\机器视觉\ultraseg_Wall defects\data\Wall defects\wall_defect_0324.jpg,D:\桌面\机器视觉\ultraseg_Wall defects\data\Wall defects\wall_defect_0324.json
wall_defect_0325,train,1,D:\桌面\机器视觉\ultraseg_Wall defects\data\Wall defects\wall_defect_0325.jpg,D:\桌面\机器视觉\ultraseg_Wall defects\data\Wall defects\wall_defect_0325.json
wall_defect_0326,val,1,D:\桌面\机器视觉\ultraseg_Wall defects\data\Wall defects\wall_defect_0326.jpg,D:\桌面\机器视觉\ultraseg_Wall defects\data\Wall defects\wall_defect_0326.json
wall_defect_0327,test,1,D:\桌面\机器视觉\ultraseg_Wall defects\data\Wall defects\wall_defect_0327.jpg,D:\桌面\机器视觉\ultraseg_Wall defects\data\Wall defects\wall_defect_0327.json
wall_defect_0328,train,1,D:\桌面\机器视觉\ultraseg_Wall defects\data\Wall defects\wall_defect_0328.jpg,D:\桌面\机器视觉\ultraseg_Wall defects\data\Wall defects\wall_defect_0328.json
wall_defect_0329,test,1,D:\桌面\机器视觉\ultraseg_Wall defects\data\Wall defects\wall_defect_0329.jpg,D:\桌面\机器视觉\ultraseg_Wall defects\data\Wall defects\wall_defect_0329.json
wall_defect_0330,train,1,D:\桌面\机器视觉\ultraseg_Wall defects\data\Wall defects\wall_defect_0330.jpg,D:\桌面\机器视觉\ultraseg_Wall defects\data\Wall defects\wall_defect_0330.json
wall_defect_0331,train,1,D:\桌面\机器视觉\ultraseg_Wall defects\data\Wall defects\wall_defect_0331.jpg,D:\桌面\机器视觉\ultraseg_Wall defects\data\Wall defects\wall_defect_0331.json
wall_defect_0332,train,1,D:\桌面\机器视觉\ultraseg_Wall defects\data\Wall defects\wall_defect_0332.jpg,D:\桌面\机器视觉\ultraseg_Wall defects\data\Wall defects\wall_defect_0332.json
wall_defect_0333,train,1,D:\桌面\机器视觉\ultraseg_Wall defects\data\Wall defects\wall_defect_0333.jpg,D:\桌面\机器视觉\ultraseg_Wall defects\data\Wall defects\wall_defect_0333.json
wall_defect_0334,train,1,D:\桌面\机器视觉\ultraseg_Wall defects\data\Wall defects\wall_defect_0334.jpg,D:\桌面\机器视觉\ultraseg_Wall defects\data\Wall defects\wall_defect_0334.json
wall_defect_0335,train,1,D:\桌面\机器视觉\ultraseg_Wall defects\data\Wall defects\wall_defect_0335.jpg,D:\桌面\机器视觉\ultraseg_Wall defects\data\Wall defects\wall_defect_0335.json
wall_defect_0336,val,1,D:\桌面\机器视觉\ultraseg_Wall defects\data\Wall defects\wall_defect_0336.jpg,D:\桌面\机器视觉\ultraseg_Wall defects\data\Wall defects\wall_defect_0336.json
wall_defect_0337,train,1,D:\桌面\机器视觉\ultraseg_Wall defects\data\Wall defects\wall_defect_0337.jpg,D:\桌面\机器视觉\ultraseg_Wall defects\data\Wall defects\wall_defect_0337.json
wall_defect_0338,train,1,D:\桌面\机器视觉\ultraseg_Wall defects\data\Wall defects\wall_defect_0338.jpg,D:\桌面\机器视觉\ultraseg_Wall defects\data\Wall defects\wall_defect_0338.json
wall_defect_0339,train,1,D:\桌面\机器视觉\ultraseg_Wall defects\data\Wall defects\wall_defect_0339.jpg,D:\桌面\机器视觉\ultraseg_Wall defects\data\Wall defects\wall_defect_0339.json
wall_defect_0340,train,1,D:\桌面\机器视觉\ultraseg_Wall defects\data\Wall defects\wall_defect_0340.jpg,D:\桌面\机器视觉\ultraseg_Wall defects\data\Wall defects\wall_defect_0340.json
wall_defect_0341,test,1,D:\桌面\机器视觉\ultraseg_Wall defects\data\Wall defects\wall_defect_0341.jpg,D:\桌面\机器视觉\ultraseg_Wall defects\data\Wall defects\wall_defect_0341.json
wall_defect_0342,train,1,D:\桌面\机器视觉\ultraseg_Wall defects\data\Wall defects\wall_defect_0342.jpg,D:\桌面\机器视觉\ultraseg_Wall defects\data\Wall defects\wall_defect_0342.json
wall_defect_0343,train,1,D:\桌面\机器视觉\ultraseg_Wall defects\data\Wall defects\wall_defect_0343.jpg,D:\桌面\机器视觉\ultraseg_Wall defects\data\Wall defects\wall_defect_0343.json
wall_defect_0344,train,1,D:\桌面\机器视觉\ultraseg_Wall defects\data\Wall defects\wall_defect_0344.jpg,D:\桌面\机器视觉\ultraseg_Wall defects\data\Wall defects\wall_defect_0344.json
wall_defect_0345,train,1,D:\桌面\机器视觉\ultraseg_Wall defects\data\Wall defects\wall_defect_0345.jpg,D:\桌面\机器视觉\ultraseg_Wall defects\data\Wall defects\wall_defect_0345.json
wall_defect_0346,train,1,D:\桌面\机器视觉\ultraseg_Wall defects\data\Wall defects\wall_defect_0346.jpg,D:\桌面\机器视觉\ultraseg_Wall defects\data\Wall defects\wall_defect_0346.json
wall_defect_0347,train,1,D:\桌面\机器视觉\ultraseg_Wall defects\data\Wall defects\wall_defect_0347.jpg,D:\桌面\机器视觉\ultraseg_Wall defects\data\Wall defects\wall_defect_0347.json
wall_defect_0348,train,1,D:\桌面\机器视觉\ultraseg_Wall defects\data\Wall defects\wall_defect_0348.jpg,D:\桌面\机器视觉\ultraseg_Wall defects\data\Wall defects\wall_defect_0348.json
wall_defect_0349,test,1,D:\桌面\机器视觉\ultraseg_Wall defects\data\Wall defects\wall_defect_0349.jpg,D:\桌面\机器视觉\ultraseg_Wall defects\data\Wall defects\wall_defect_0349.json
wall_defect_0350,train,1,D:\桌面\机器视觉\ultraseg_Wall defects\data\Wall defects\wall_defect_0350.jpg,D:\桌面\机器视觉\ultraseg_Wall defects\data\Wall defects\wall_defect_0350.json
wall_defect_0351,train,1,D:\桌面\机器视觉\ultraseg_Wall defects\data\Wall defects\wall_defect_0351.jpg,D:\桌面\机器视觉\ultraseg_Wall defects\data\Wall defects\wall_defect_0351.json
wall_defect_0352,val,1,D:\桌面\机器视觉\ultraseg_Wall defects\data\Wall defects\wall_defect_0352.jpg,D:\桌面\机器视觉\ultraseg_Wall defects\data\Wall defects\wall_defect_0352.json
wall_defect_0353,train,1,D:\桌面\机器视觉\ultraseg_Wall defects\data\Wall defects\wall_defect_0353.jpg,D:\桌面\机器视觉\ultraseg_Wall defects\data\Wall defects\wall_defect_0353.json
wall_defect_0354,val,1,D:\桌面\机器视觉\ultraseg_Wall defects\data\Wall defects\wall_defect_0354.jpg,D:\桌面\机器视觉\ultraseg_Wall defects\data\Wall defects\wall_defect_0354.json
wall_defect_0355,val,1,D:\桌面\机器视觉\ultraseg_Wall defects\data\Wall defects\wall_defect_0355.jpg,D:\桌面\机器视觉\ultraseg_Wall defects\data\Wall defects\wall_defect_0355.json
wall_defect_0356,train,1,D:\桌面\机器视觉\ultraseg_Wall defects\data\Wall defects\wall_defect_0356.jpg,D:\桌面\机器视觉\ultraseg_Wall defects\data\Wall defects\wall_defect_0356.json
wall_defect_0357,test,1,D:\桌面\机器视觉\ultraseg_Wall defects\data\Wall defects\wall_defect_0357.jpg,D:\桌面\机器视觉\ultraseg_Wall defects\data\Wall defects\wall_defect_0357.json
wall_defect_0358,val,1,D:\桌面\机器视觉\ultraseg_Wall defects\data\Wall defects\wall_defect_0358.jpg,D:\桌面\机器视觉\ultraseg_Wall defects\data\Wall defects\wall_defect_0358.json
wall_defect_0359,train,1,D:\桌面\机器视觉\ultraseg_Wall defects\data\Wall defects\wall_defect_0359.jpg,D:\桌面\机器视觉\ultraseg_Wall defects\data\Wall defects\wall_defect_0359.json
wall_defect_0360,train,1,D:\桌面\机器视觉\ultraseg_Wall defects\data\Wall defects\wall_defect_0360.jpg,D:\桌面\机器视觉\ultraseg_Wall defects\data\Wall defects\wall_defect_0360.json
wall_defect_0361,train,1,D:\桌面\机器视觉\ultraseg_Wall defects\data\Wall defects\wall_defect_0361.jpg,D:\桌面\机器视觉\ultraseg_Wall defects\data\Wall defects\wall_defect_0361.json
wall_defect_0362,train,1,D:\桌面\机器视觉\ultraseg_Wall defects\data\Wall defects\wall_defect_0362.jpg,D:\桌面\机器视觉\ultraseg_Wall defects\data\Wall defects\wall_defect_0362.json
wall_defect_0363,test,1,D:\桌面\机器视觉\ultraseg_Wall defects\data\Wall defects\wall_defect_0363.jpg,D:\桌面\机器视觉\ultraseg_Wall defects\data\Wall defects\wall_defect_0363.json
wall_defect_0364,train,1,D:\桌面\机器视觉\ultraseg_Wall defects\data\Wall defects\wall_defect_0364.jpg,D:\桌面\机器视觉\ultraseg_Wall defects\data\Wall defects\wall_defect_0364.json
wall_defect_0365,train,1,D:\桌面\机器视觉\ultraseg_Wall defects\data\Wall defects\wall_defect_0365.jpg,D:\桌面\机器视觉\ultraseg_Wall defects\data\Wall defects\wall_defect_0365.json
wall_defect_0366,val,1,D:\桌面\机器视觉\ultraseg_Wall defects\data\Wall defects\wall_defect_0366.jpg,D:\桌面\机器视觉\ultraseg_Wall defects\data\Wall defects\wall_defect_0366.json
wall_defect_0367,train,1,D:\桌面\机器视觉\ultraseg_Wall defects\data\Wall defects\wall_defect_0367.jpg,D:\桌面\机器视觉\ultraseg_Wall defects\data\Wall defects\wall_defect_0367.json
wall_defect_0368,train,1,D:\桌面\机器视觉\ultraseg_Wall defects\data\Wall defects\wall_defect_0368.jpg,D:\桌面\机器视觉\ultraseg_Wall defects\data\Wall defects\wall_defect_0368.json
wall_defect_0369,train,1,D:\桌面\机器视觉\ultraseg_Wall defects\data\Wall defects\wall_defect_0369.jpg,D:\桌面\机器视觉\ultraseg_Wall defects\data\Wall defects\wall_defect_0369.json
wall_defect_0370,train,1,D:\桌面\机器视觉\ultraseg_Wall defects\data\Wall defects\wall_defect_0370.jpg,D:\桌面\机器视觉\ultraseg_Wall defects\data\Wall defects\wall_defect_0370.json
wall_defect_0371,train,1,D:\桌面\机器视觉\ultraseg_Wall defects\data\Wall defects\wall_defect_0371.jpg,D:\桌面\机器视觉\ultraseg_Wall defects\data\Wall defects\wall_defect_0371.json
wall_defect_0372,val,1,D:\桌面\机器视觉\ultraseg_Wall defects\data\Wall defects\wall_defect_0372.jpg,D:\桌面\机器视觉\ultraseg_Wall defects\data\Wall defects\wall_defect_0372.json
wall_defect_0373,train,1,D:\桌面\机器视觉\ultraseg_Wall defects\data\Wall defects\wall_defect_0373.jpg,D:\桌面\机器视觉\ultraseg_Wall defects\data\Wall defects\wall_defect_0373.json
wall_defect_0374,val,1,D:\桌面\机器视觉\ultraseg_Wall defects\data\Wall defects\wall_defect_0374.jpg,D:\桌面\机器视觉\ultraseg_Wall defects\data\Wall defects\wall_defect_0374.json
wall_defect_0375,test,1,D:\桌面\机器视觉\ultraseg_Wall defects\data\Wall defects\wall_defect_0375.jpg,D:\桌面\机器视觉\ultraseg_Wall defects\data\Wall defects\wall_defect_0375.json
wall_defect_0376,train,1,D:\桌面\机器视觉\ultraseg_Wall defects\data\Wall defects\wall_defect_0376.jpg,D:\桌面\机器视觉\ultraseg_Wall defects\data\Wall defects\wall_defect_0376.json
wall_defect_0377,val,1,D:\桌面\机器视觉\ultraseg_Wall defects\data\Wall defects\wall_defect_0377.jpg,D:\桌面\机器视觉\ultraseg_Wall defects\data\Wall defects\wall_defect_0377.json
wall_defect_0378,test,1,D:\桌面\机器视觉\ultraseg_Wall defects\data\Wall defects\wall_defect_0378.jpg,D:\桌面\机器视觉\ultraseg_Wall defects\data\Wall defects\wall_defect_0378.json
wall_defect_0379,val,1,D:\桌面\机器视觉\ultraseg_Wall defects\data\Wall defects\wall_defect_0379.jpg,D:\桌面\机器视觉\ultraseg_Wall defects\data\Wall defects\wall_defect_0379.json
wall_defect_0380,test,1,D:\桌面\机器视觉\ultraseg_Wall defects\data\Wall defects\wall_defect_0380.jpg,D:\桌面\机器视觉\ultraseg_Wall defects\data\Wall defects\wall_defect_0380.json
wall_defect_0381,test,1,D:\桌面\机器视觉\ultraseg_Wall defects\data\Wall defects\wall_defect_0381.jpg,D:\桌面\机器视觉\ultraseg_Wall defects\data\Wall defects\wall_defect_0381.json
wall_defect_0382,train,1,D:\桌面\机器视觉\ultraseg_Wall defects\data\Wall defects\wall_defect_0382.jpg,D:\桌面\机器视觉\ultraseg_Wall defects\data\Wall defects\wall_defect_0382.json
wall_defect_0383,train,1,D:\桌面\机器视觉\ultraseg_Wall defects\data\Wall defects\wall_defect_0383.jpg,D:\桌面\机器视觉\ultraseg_Wall defects\data\Wall defects\wall_defect_0383.json
wall_defect_0384,train,1,D:\桌面\机器视觉\ultraseg_Wall defects\data\Wall defects\wall_defect_0384.jpg,D:\桌面\机器视觉\ultraseg_Wall defects\data\Wall defects\wall_defect_0384.json
wall_defect_0385,train,1,D:\桌面\机器视觉\ultraseg_Wall defects\data\Wall defects\wall_defect_0385.jpg,D:\桌面\机器视觉\ultraseg_Wall defects\data\Wall defects\wall_defect_0385.json
wall_defect_0386,train,1,D:\桌面\机器视觉\ultraseg_Wall defects\data\Wall defects\wall_defect_0386.jpg,D:\桌面\机器视觉\ultraseg_Wall defects\data\Wall defects\wall_defect_0386.json
wall_defect_0387,train,1,D:\桌面\机器视觉\ultraseg_Wall defects\data\Wall defects\wall_defect_0387.jpg,D:\桌面\机器视觉\ultraseg_Wall defects\data\Wall defects\wall_defect_0387.json
wall_defect_0388,train,1,D:\桌面\机器视觉\ultraseg_Wall defects\data\Wall defects\wall_defect_0388.jpg,D:\桌面\机器视觉\ultraseg_Wall defects\data\Wall defects\wall_defect_0388.json
wall_defect_0389,train,1,D:\桌面\机器视觉\ultraseg_Wall defects\data\Wall defects\wall_defect_0389.jpg,D:\桌面\机器视觉\ultraseg_Wall defects\data\Wall defects\wall_defect_0389.json
wall_defect_0390,train,1,D:\桌面\机器视觉\ultraseg_Wall defects\data\Wall defects\wall_defect_0390.jpg,D:\桌面\机器视觉\ultraseg_Wall defects\data\Wall defects\wall_defect_0390.json
wall_defect_0391,test,1,D:\桌面\机器视觉\ultraseg_Wall defects\data\Wall defects\wall_defect_0391.jpg,D:\桌面\机器视觉\ultraseg_Wall defects\data\Wall defects\wall_defect_0391.json
wall_defect_0392,val,1,D:\桌面\机器视觉\ultraseg_Wall defects\data\Wall defects\wall_defect_0392.jpg,D:\桌面\机器视觉\ultraseg_Wall defects\data\Wall defects\wall_defect_0392.json
wall_defect_0393,train,1,D:\桌面\机器视觉\ultraseg_Wall defects\data\Wall defects\wall_defect_0393.jpg,D:\桌面\机器视觉\ultraseg_Wall defects\data\Wall defects\wall_defect_0393.json
wall_defect_0394,train,1,D:\桌面\机器视觉\ultraseg_Wall defects\data\Wall defects\wall_defect_0394.jpg,D:\桌面\机器视觉\ultraseg_Wall defects\data\Wall defects\wall_defect_0394.json
wall_defect_0395,train,1,D:\桌面\机器视觉\ultraseg_Wall defects\data\Wall defects\wall_defect_0395.jpg,D:\桌面\机器视觉\ultraseg_Wall defects\data\Wall defects\wall_defect_0395.json
wall_defect_0396,train,1,D:\桌面\机器视觉\ultraseg_Wall defects\data\Wall defects\wall_defect_0396.jpg,D:\桌面\机器视觉\ultraseg_Wall defects\data\Wall defects\wall_defect_0396.json
wall_defect_0397,train,1,D:\桌面\机器视觉\ultraseg_Wall defects\data\Wall defects\wall_defect_0397.jpg,D:\桌面\机器视觉\ultraseg_Wall defects\data\Wall defects\wall_defect_0397.json
wall_defect_0398,train,1,D:\桌面\机器视觉\ultraseg_Wall defects\data\Wall defects\wall_defect_0398.jpg,D:\桌面\机器视觉\ultraseg_Wall defects\data\Wall defects\wall_defect_0398.json
wall_defect_0399,train,1,D:\桌面\机器视觉\ultraseg_Wall defects\data\Wall defects\wall_defect_0399.jpg,D:\桌面\机器视觉\ultraseg_Wall defects\data\Wall defects\wall_defect_0399.json
wall_defect_0400,train,1,D:\桌面\机器视觉\ultraseg_Wall defects\data\Wall defects\wall_defect_0400.jpg,D:\桌面\机器视觉\ultraseg_Wall defects\data\Wall defects\wall_defect_0400.json
wall_defect_0401,train,1,D:\桌面\机器视觉\ultraseg_Wall defects\data\Wall defects\wall_defect_0401.jpg,D:\桌面\机器视觉\ultraseg_Wall defects\data\Wall defects\wall_defect_0401.json
wall_defect_0402,train,1,D:\桌面\机器视觉\ultraseg_Wall defects\data\Wall defects\wall_defect_0402.jpg,D:\桌面\机器视觉\ultraseg_Wall defects\data\Wall defects\wall_defect_0402.json
wall_defect_0403,train,1,D:\桌面\机器视觉\ultraseg_Wall defects\data\Wall defects\wall_defect_0403.jpg,D:\桌面\机器视觉\ultraseg_Wall defects\data\Wall defects\wall_defect_0403.json
wall_defect_0404,train,1,D:\桌面\机器视觉\ultraseg_Wall defects\data\Wall defects\wall_defect_0404.jpg,D:\桌面\机器视觉\ultraseg_Wall defects\data\Wall defects\wall_defect_0404.json
wall_defect_0405,val,1,D:\桌面\机器视觉\ultraseg_Wall defects\data\Wall defects\wall_defect_0405.jpg,D:\桌面\机器视觉\ultraseg_Wall defects\data\Wall defects\wall_defect_0405.json
wall_defect_0406,train,1,D:\桌面\机器视觉\ultraseg_Wall defects\data\Wall defects\wall_defect_0406.jpg,D:\桌面\机器视觉\ultraseg_Wall defects\data\Wall defects\wall_defect_0406.json
wall_defect_0407,train,1,D:\桌面\机器视觉\ultraseg_Wall defects\data\Wall defects\wall_defect_0407.jpg,D:\桌面\机器视觉\ultraseg_Wall defects\data\Wall defects\wall_defect_0407.json
wall_defect_0408,test,1,D:\桌面\机器视觉\ultraseg_Wall defects\data\Wall defects\wall_defect_0408.jpg,D:\桌面\机器视觉\ultraseg_Wall defects\data\Wall defects\wall_defect_0408.json
wall_defect_0409,train,1,D:\桌面\机器视觉\ultraseg_Wall defects\data\Wall defects\wall_defect_0409.jpg,D:\桌面\机器视觉\ultraseg_Wall defects\data\Wall defects\wall_defect_0409.json
wall_defect_0410,train,1,D:\桌面\机器视觉\ultraseg_Wall defects\data\Wall defects\wall_defect_0410.jpg,D:\桌面\机器视觉\ultraseg_Wall defects\data\Wall defects\wall_defect_0410.json
wall_defect_0411,val,1,D:\桌面\机器视觉\ultraseg_Wall defects\data\Wall defects\wall_defect_0411.jpg,D:\桌面\机器视觉\ultraseg_Wall defects\data\Wall defects\wall_defect_0411.json
wall_defect_0412,train,1,D:\桌面\机器视觉\ultraseg_Wall defects\data\Wall defects\wall_defect_0412.jpg,D:\桌面\机器视觉\ultraseg_Wall defects\data\Wall defects\wall_defect_0412.json
wall_defect_0413,train,1,D:\桌面\机器视觉\ultraseg_Wall defects\data\Wall defects\wall_defect_0413.jpg,D:\桌面\机器视觉\ultraseg_Wall defects\data\Wall defects\wall_defect_0413.json
wall_defect_0414,train,1,D:\桌面\机器视觉\ultraseg_Wall defects\data\Wall defects\wall_defect_0414.jpg,D:\桌面\机器视觉\ultraseg_Wall defects\data\Wall defects\wall_defect_0414.json
wall_defect_0415,train,1,D:\桌面\机器视觉\ultraseg_Wall defects\data\Wall defects\wall_defect_0415.jpg,D:\桌面\机器视觉\ultraseg_Wall defects\data\Wall defects\wall_defect_0415.json
wall_defect_0416,train,1,D:\桌面\机器视觉\ultraseg_Wall defects\data\Wall defects\wall_defect_0416.jpg,D:\桌面\机器视觉\ultraseg_Wall defects\data\Wall defects\wall_defect_0416.json
wall_defect_0417,train,1,D:\桌面\机器视觉\ultraseg_Wall defects\data\Wall defects\wall_defect_0417.jpg,D:\桌面\机器视觉\ultraseg_Wall defects\data\Wall defects\wall_defect_0417.json
wall_defect_0418,train,1,D:\桌面\机器视觉\ultraseg_Wall defects\data\Wall defects\wall_defect_0418.jpg,D:\桌面\机器视觉\ultraseg_Wall defects\data\Wall defects\wall_defect_0418.json
wall_defect_0419,val,1,D:\桌面\机器视觉\ultraseg_Wall defects\data\Wall defects\wall_defect_0419.jpg,D:\桌面\机器视觉\ultraseg_Wall defects\data\Wall defects\wall_defect_0419.json
wall_defect_0420,test,1,D:\桌面\机器视觉\ultraseg_Wall defects\data\Wall defects\wall_defect_0420.jpg,D:\桌面\机器视觉\ultraseg_Wall defects\data\Wall defects\wall_defect_0420.json
wall_defect_0421,train,1,D:\桌面\机器视觉\ultraseg_Wall defects\data\Wall defects\wall_defect_0421.jpg,D:\桌面\机器视觉\ultraseg_Wall defects\data\Wall defects\wall_defect_0421.json
wall_defect_0422,train,1,D:\桌面\机器视觉\ultraseg_Wall defects\data\Wall defects\wall_defect_0422.jpg,D:\桌面\机器视觉\ultraseg_Wall defects\data\Wall defects\wall_defect_0422.json
wall_defect_0423,val,1,D:\桌面\机器视觉\ultraseg_Wall defects\data\Wall defects\wall_defect_0423.jpg,D:\桌面\机器视觉\ultraseg_Wall defects\data\Wall defects\wall_defect_0423.json
wall_defect_0424,train,1,D:\桌面\机器视觉\ultraseg_Wall defects\data\Wall defects\wall_defect_0424.jpg,D:\桌面\机器视觉\ultraseg_Wall defects\data\Wall defects\wall_defect_0424.json
wall_defect_0425,train,1,D:\桌面\机器视觉\ultraseg_Wall defects\data\Wall defects\wall_defect_0425.jpg,D:\桌面\机器视觉\ultraseg_Wall defects\data\Wall defects\wall_defect_0425.json
wall_defect_0426,train,1,D:\桌面\机器视觉\ultraseg_Wall defects\data\Wall defects\wall_defect_0426.jpg,D:\桌面\机器视觉\ultraseg_Wall defects\data\Wall defects\wall_defect_0426.json
